0.013565,199,100,10
0.016791,198,100,10
0.112263,199,100,10
0.11922,200,100,10
0.160065,201,100,10
0.27282,201,99,10
0.275331,201,98,10
0.282441,202,98,10
0.28533,203,98,10
0.288271,204,98,10
0.288374,205,98,10
0.36434,204,98,10
0.36802,205,98,10
0.408832,204,98,10
0.411953,205,98,10
0.412058,206,98,10
0.453643,207,98,10
0.534084,206,98,10
0.574881,207,98,10
0.617601,208,98,10
0.647068,207,98,10
0.658399,208,98,10
0.688789,207,98,10
0.690404,206,98,10
0.694778,205,98,10
0.698415,204,98,10
0.699049,203,98,10
0.730738,202,98,10
0.731607,201,98,10
0.732659,200,98,10
0.733706,200,97,10
0.735545,199,97,10
0.739181,200,97,10
0.740744,201,97,10
0.771417,200,97,10
0.774776,199,97,10
0.774787,199,96,10
0.77641,198,96,10
0.819252,197,96,10
0.823351,198,96,10
0.854311,197,96,10
0.858621,196,96,10
0.8644,197,96,10
0.86489,198,96,10
0.865384,199,96,10
0.896469,198,96,10
0.898759,197,96,10
0.901277,196,96,10
0.941115,195,96,10
0.943173,196,96,10
0.976998,195,96,10
0.985173,194,96,10
0.98556,193,96,10
0.985794,192,96,10
0.989257,191,96,10
0.98989,192,96,10
1.017987,191,96,10
1.02842,192,96,10
1.06468,191,96,10
1.06709,190,96,10
1.116764,189,96,10
1.152829,188,96,10
1.154257,187,96,10
1.157164,188,96,10
1.157737,187,96,10
1.158544,188,96,10
1.189821,188,95,10
1.1918,188,94,10
1.19572,188,93,10
1.197511,188,92,10
1.229675,187,92,10
1.233025,186,92,10
1.237284,185,92,10
1.278914,186,92,10
1.278974,187,92,10
1.279063,188,92,10
1.279132,189,92,10
1.305566,188,92,10
1.307873,187,92,10
1.311891,186,92,10
1.313616,187,92,10
1.320364,187,93,10
1.350483,186,93,10
1.353705,186,92,10
1.354012,187,92,10
1.380297,186,92,10
1.383833,186,91,10
1.386668,185,91,10
1.3884,184,91,10
1.390819,185,91,10
1.421189,184,91,10
1.425466,183,91,10
1.428076,183,90,10
1.429195,184,90,10
1.429387,185,90,10
1.430442,186,90,10
1.457863,185,90,10
1.464612,185,89,10
1.504111,186,89,10
1.535443,185,89,10
1.537249,184,89,10
1.579091,185,89,10
1.615445,186,89,10
1.621449,186,90,10
1.651411,185,90,10
1.656185,184,90,10
1.662931,185,90,10
1.663031,186,90,10
1.69105,185,90,10
1.696421,184,90,10
1.696943,185,90,10
1.702574,185,91,10
1.73316,186,91,10
1.807887,185,91,10
1.808911,184,91,10
1.812461,183,91,10
1.813802,184,91,10
1.813994,185,91,10
1.849152,184,91,10
1.849274,183,91,10
1.850984,184,91,10
1.926753,183,91,10
1.959007,182,91,10
1.960518,181,91,10
1.964268,180,91,10
1.965013,181,91,10
1.965434,180,91,10
2.003777,179,91,10
2.032225,178,91,10
2.032466,177,91,10
2.037346,177,90,10
2.037843,176,90,10
2.067472,176,89,10
2.074443,175,89,10
2.079657,176,89,10
2.103872,175,89,10
2.104898,174,89,10
2.112904,175,89,10
2.141254,174,89,10
2.147137,174,88,10
2.178582,173,88,10
2.181501,172,88,10
2.182856,172,87,10
2.221079,171,87,10
2.222427,170,87,10
2.22268,171,87,10
2.247481,170,87,10
2.248225,169,87,10
2.248751,168,87,10
2.257487,169,87,10
2.291515,168,87,10
2.296581,169,87,10
2.33012,168,87,10
2.332117,169,87,10
2.37173,170,87,10
2.371873,171,87,10
2.396185,170,87,10
2.403401,169,87,10
2.403546,169,86,10
2.40575,169,85,10
2.430898,168,85,10
2.437766,167,85,10
2.470375,167,84,10
2.471878,167,83,10
2.477288,168,83,10
2.478035,169,83,10
2.513563,168,83,10
2.522107,167,83,10
2.531822,167,83,11
2.56209,168,83,11
2.563084,169,83,11
2.563207,170,83,11
2.595847,169,83,11
2.596108,169,82,11
2.596551,169,81,11
2.597326,170,81,11
2.625592,169,81,11
2.656574,168,81,11
2.661075,167,81,11
2.665618,167,80,11
2.695529,166,80,11
2.696553,166,79,11
2.70021,165,79,11
2.70237,166,79,11
2.702425,167,79,11
2.703666,168,79,11
2.772009,167,79,11
2.776482,166,79,11
2.782562,167,79,11
2.791199,167,80,11
2.814443,166,80,11
2.816724,165,80,11
2.819626,164,80,11
2.821556,163,80,11
2.823553,164,80,11
2.874461,164,81,11
2.895805,163,81,11
2.900658,162,81,11
2.90628,163,81,11
2.966698,162,81,11
2.978384,163,81,11
3.022391,164,81,11
3.054291,163,81,11
3.055195,162,81,11
3.055519,163,81,11
3.056415,164,81,11
3.081842,163,81,11
3.083565,162,81,11
3.089329,163,81,11
3.089667,164,81,11
3.118648,163,81,11
3.122975,164,81,11
3.155849,165,81,11
3.156327,166,81,11
3.163885,166,82,11
3.164525,166,82,12
3.189648,165,82,12
3.189861,164,82,12
3.190414,165,82,12
3.194169,166,82,12
3.218791,165,82,12
3.222566,165,81,12
3.224564,164,81,12
3.227237,164,80,12
3.239891,164,81,12
3.263672,164,80,12
3.268632,164,79,12
3.271925,165,79,12
3.277759,165,80,12
3.278221,165,81,12
3.305338,164,81,12
3.30755,165,81,12
3.337896,164,81,12
3.344803,165,81,12
3.345427,166,81,12
3.346159,165,81,12
3.369277,165,80,12
3.37333,165,79,12
3.379909,164,79,12
3.380383,163,79,12
3.405851,162,79,12
3.414726,162,78,12
3.415048,163,78,12
3.415312,164,78,12
3.445106,164,77,12
3.453735,164,76,12
3.453981,165,76,12
3.494884,164,76,12
3.495387,165,76,12
3.529736,166,76,12
3.558837,165,76,12
3.564816,166,76,12
3.612345,166,77,12
3.615192,166,78,12
3.64211,165,78,12
3.648966,166,78,12
3.685626,167,78,12
3.719793,166,78,12
3.724957,165,78,12
3.756434,164,78,12
3.790993,163,78,12
3.792547,162,78,12
3.793322,161,78,12
3.798221,162,78,12
3.798612,163,78,12
3.823483,162,78,12
3.824166,162,77,12
3.82558,162,76,12
3.830396,161,76,12
3.859848,160,76,12
3.865951,161,76,12
3.869701,162,76,12
3.874155,162,77,12
3.904014,161,77,12
3.90443,162,77,12
3.904552,163,77,12
3.904985,164,77,12
3.909506,164,78,12
3.950669,163,78,12
3.955636,162,78,12
3.955662,163,78,12
3.955718,164,78,12
3.987583,164,77,12
3.988864,164,76,12
3.989904,164,75,12
3.990295,163,75,12
3.990616,162,75,12
4.012434,162,74,12
4.013288,162,73,12
4.013717,162,72,12
4.014069,162,71,12
4.014314,162,70,12
4.014688,162,69,12
4.016567,162,68,12
4.017814,162,67,12
4.018049,161,67,12
4.020331,161,66,12
4.020623,162,66,12
4.045746,162,65,12
4.048348,162,64,12
4.05046,162,63,12
4.050469,162,62,12
4.053364,163,62,12
4.053548,164,62,12
4.054439,165,62,12
4.059186,165,63,12
4.077772,165,62,12
4.083725,165,61,12
4.11496,164,61,12
4.119186,165,61,12
4.15474,166,61,12
4.180365,165,61,12
4.182192,164,61,12
4.184678,165,61,12
4.184856,166,61,12
4.21794,165,61,12
4.219961,164,61,12
4.25551,163,61,12
4.25563,164,61,12
4.279189,163,61,12
4.317474,163,60,12
4.319585,162,60,12
4.320563,162,59,12
4.356102,163,59,12
4.356166,164,59,12
4.356203,165,59,12
4.388207,166,59,12
4.413698,165,59,12
4.41548,164,59,12
4.44918,163,59,12
4.465946,162,59,12
4.46596,162,60,12
4.525861,161,60,12
4.554451,160,60,12
4.558959,161,60,12
4.571157,161,61,12
4.619347,161,60,12
4.623702,160,60,12
4.631962,160,61,12
4.654615,159,61,12
4.661806,158,61,12
4.662065,159,61,12
4.697686,158,61,12
4.703601,159,61,12
4.703771,160,61,12
4.730865,160,60,12
4.741199,160,61,12
4.761729,159,61,12
4.76566,158,61,12
4.768567,157,61,12
4.770636,156,61,12
4.775167,157,61,12
4.798754,156,61,12
4.799943,155,61,12
4.901766,154,61,12
4.902204,153,61,12
4.904383,154,61,12
4.904719,155,61,12
4.967265,154,61,12
4.969647,155,61,12
4.970124,156,61,12
4.997737,155,61,12
4.998336,154,61,12
5.026362,153,61,12
5.033327,152,61,12
5.064262,151,61,12
5.067875,150,61,12
5.069295,151,61,12
5.097711,150,61,12
5.100604,149,61,12
5.103429,150,61,12
5.103491,151,61,12
5.13018,151,60,12
5.13514,151,59,12
5.136022,150,59,12
5.136675,150,58,12
5.136938,151,58,12
5.162861,151,57,12
5.167463,150,57,12
5.168461,149,57,12
5.16965,148,57,12
5.179974,147,57,12
5.18001,147,58,12
5.197969,146,58,12
5.237622,147,58,12
5.26682,148,58,12
5.278841,148,59,12
5.301829,149,59,12
5.331486,148,59,12
5.334168,147,59,12
5.359647,146,59,12
5.366403,147,59,12
5.395668,146,59,12
5.400578,147,59,12
5.400761,148,59,12
5.430799,147,59,12
5.433384,146,59,12
5.434616,145,59,12
5.463753,145,58,12
5.466397,144,58,12
5.466613,144,57,12
5.468198,144,56,12
5.480489,144,57,12
5.501899,145,57,12
5.53333,144,57,12
5.567036,143,57,12
5.567325,142,57,12
5.567422,141,57,12
5.567964,140,57,12
5.568889,139,57,12
5.570467,140,57,12
5.598681,140,56,12
5.603065,141,56,12
5.603219,142,56,12
5.637002,143,56,12
5.663533,143,55,12
5.664266,142,55,12
5.667932,142,54,12
5.669132,142,53,12
5.669715,143,53,12
5.670127,144,53,12
5.696686,144,52,12
5.703709,145,52,12
5.737141,146,52,12
5.737617,147,52,12
5.770843,148,52,12
5.800101,148,51,12
5.834651,147,51,12
5.835661,146,51,12
5.836982,147,51,12
5.837096,148,51,12
5.837191,149,51,12
5.845845,149,51,13
5.870018,150,51,13
5.870075,151,51,13
5.900519,150,51,13
5.93126,149,51,13
5.932897,150,51,13
5.958722,149,51,13
5.962169,148,51,13
5.963163,149,51,13
5.97068,148,51,13
5.970708,148,52,13
5.990423,149,52,13
5.990498,149,53,13
5.992524,148,53,13
5.992929,147,53,13
6.030738,147,54,13
6.031863,147,55,13
6.048078,146,55,13
6.054154,147,55,13
6.054469,148,55,13
6.077108,147,55,13
6.121413,147,56,13
6.146543,146,56,13
6.153024,147,56,13
6.153186,148,56,13
6.153349,149,56,13
6.180263,148,56,13
6.18475,147,56,13
6.185071,146,56,13
6.217066,145,56,13
6.220386,145,55,13
6.220992,144,55,13
6.221023,145,55,13
6.221255,146,55,13
6.244609,146,54,13
6.250015,147,54,13
6.311716,146,54,13
6.337495,145,54,13
6.338595,144,54,13
6.371243,144,53,13
6.37469,145,53,13
6.374993,146,53,13
6.379147,146,54,13
6.407639,145,54,13
6.408416,146,54,13
6.408996,147,54,13
6.409203,148,54,13
6.409266,149,54,13
6.441829,150,54,13
6.441884,151,54,13
6.448167,151,55,13
6.477454,152,55,13
6.510357,151,55,13
6.511841,152,55,13
6.538355,151,55,13
6.546223,152,55,13
6.570726,151,55,13
6.575439,150,55,13
6.577719,151,55,13
6.589911,151,56,13
6.611356,150,56,13
6.611662,149,56,13
6.613077,150,56,13
6.613224,151,56,13
6.62184,151,57,13
6.639039,150,57,13
6.639888,149,57,13
6.656072,149,58,13
6.672534,148,58,13
6.674892,148,57,13
6.676424,148,56,13
6.67976,149,56,13
6.67993,150,56,13
6.680032,151,56,13
6.743897,150,56,13
6.748442,151,56,13
6.748617,152,56,13
6.77651,151,56,13
6.780062,152,56,13
6.787416,152,57,13
6.803117,151,57,13
6.808593,150,57,13
6.837565,149,57,13
6.841167,148,57,13
6.845117,149,57,13
6.855336,149,58,13
6.879676,148,58,13
6.918552,147,58,13
6.91895,146,58,13
6.927982,146,59,13
6.952409,145,59,13
6.953626,146,59,13
6.979835,145,59,13
6.981381,144,59,13
6.981577,143,59,13
7.0264,144,59,13
7.060117,143,59,13
7.135385,144,59,13
7.135438,145,59,13
7.164017,144,59,13
7.231262,143,59,13
7.234319,142,59,13
7.245881,142,60,13
7.269511,143,60,13
7.269592,144,60,13
7.297565,143,60,13
7.299796,142,60,13
7.328266,141,60,13
7.332854,140,60,13
7.365484,140,59,13
7.434798,141,59,13
7.435173,142,59,13
7.459856,141,59,13
7.466479,140,59,13
7.468305,139,59,13
7.469895,140,59,13
7.469956,141,59,13
7.503107,140,59,13
7.503345,139,59,13
7.53524,138,59,13
7.536594,139,59,13
7.546298,139,60,13
7.578754,140,60,13
7.602306,139,60,13
7.604043,138,60,13
7.604939,138,59,13
7.6068,138,58,13
7.634638,138,57,13
7.669047,137,57,13
7.676695,138,57,13
7.676769,139,57,13
7.749524,139,56,13
7.752178,140,56,13
7.757554,140,57,13
7.783215,140,56,13
7.787319,140,55,13
7.914701,141,55,13
7.917361,142,55,13
7.94919,141,55,13
7.952073,142,55,13
7.984038,142,54,13
7.984406,141,54,13
7.986804,142,54,13
7.987619,143,54,13
8.014447,142,54,13
8.01656,142,53,13
8.017849,143,53,13
8.046796,142,53,13
8.049383,141,53,13
8.050158,140,53,13
8.051461,139,53,13
8.05275,140,53,13
8.053116,141,53,13
8.087144,142,53,13
8.091156,142,54,13
8.119905,141,54,13
8.121538,142,54,13
8.150609,143,54,13
8.185706,142,54,13
8.21018,141,54,13
8.216957,140,54,13
8.243911,139,54,13
8.245388,139,53,13
8.251097,140,53,13
8.282668,139,53,13
8.319373,138,53,13
8.319756,139,53,13
8.416645,139,52,13
8.416779,139,51,13
8.416785,139,50,13
8.418733,138,50,13
8.421141,139,50,13
8.421599,140,50,13
8.452288,141,50,13
8.483961,141,49,13
8.511661,140,49,13
8.518366,139,49,13
8.519089,140,49,13
8.547553,139,49,13
8.548916,139,48,13
8.553064,140,48,13
8.553163,141,48,13
8.581543,140,48,13
8.582042,140,47,13
8.618696,141,47,13
8.652335,142,47,13
8.678823,142,46,13
8.680826,142,45,13
8.682376,141,45,13
8.690234,141,46,13
8.715426,140,46,13
8.748847,139,46,13
8.751983,140,46,13
8.777507,139,46,13
8.80626,138,46,13
8.876384,139,46,13
8.880697,139,47,13
8.887643,139,48,13
8.909247,139,47,13
8.93588,138,47,13
8.938582,138,46,13
8.943055,139,46,13
8.975478,139,45,13
8.989051,139,46,13
9.005439,138,46,13
9.006374,138,45,13
9.044316,139,45,13
9.078572,140,45,13
9.078653,141,45,13
9.078726,142,45,13
9.104451,142,44,13
9.106302,142,43,13
9.140733,141,43,13
9.147174,141,44,13
9.147728,141,45,13
9.177281,142,45,13
9.177388,143,45,13
9.204313,142,45,13
9.210218,141,45,13
9.211373,142,45,13
9.236568,142,44,13
9.243448,141,44,13
9.243637,140,44,13
9.277242,141,44,13
9.306561,140,44,13
9.310059,139,44,13
9.310663,140,44,13
9.321256,140,45,13
9.367667,139,45,13
9.369592,139,44,13
9.403637,140,44,13
9.413175,140,45,13
9.433889,140,45,12
9.435237,140,44,12
9.437798,141,44,12
9.437887,142,44,12
9.443471,142,45,12
9.456338,142,46,12
9.471731,141,46,12
9.475806,140,46,12
9.479094,141,46,12
9.490755,141,47,12
9.508795,140,47,12
9.544418,141,47,12
9.554763,141,48,12
9.576335,140,48,12
9.577982,139,48,12
9.636876,138,48,12
9.642024,138,47,12
9.646109,139,47,12
9.646245,140,47,12
9.646469,141,47,12
9.669581,141,46,12
9.673852,140,46,12
9.67505,141,46,12
9.682543,141,46,13
9.705147,140,46,13
9.743475,141,46,13
9.777493,142,46,13
9.777546,143,46,13
9.808921,142,46,13
9.810088,143,46,13
9.844555,144,46,13
9.844701,145,46,13
9.90584,144,46,13
9.913228,145,46,13
9.916529,146,46,13
9.973536,145,46,13
10.036005,144,46,13
10.041453,144,46,12
10.042029,143,46,12
10.076077,142,46,12
10.077712,143,46,12
10.111362,144,46,12
10.1122,143,46,12
10.112329,144,46,12
10.139252,143,46,12
10.144998,144,46,12
10.178444,145,46,12
10.206989,145,45,12
10.247822,144,45,12
10.282273,143,45,12
10.286265,144,45,12
10.31979,145,45,12
10.385902,144,45,12
10.413244,143,45,12
10.415441,142,45,12
10.417664,141,45,12
10.445715,140,45,12
10.457981,140,46,12
10.485712,141,46,12
10.515912,141,45,12
10.524583,141,46,12
10.583859,140,46,12
10.586978,141,46,12
10.587064,142,46,12
10.598573,142,46,13
10.621237,143,46,13
10.621333,144,46,13
10.645252,144,45,13
10.67918,144,44,13
10.680888,143,44,13
10.684788,144,44,13
10.685322,145,44,13
10.685509,146,44,13
10.713834,145,44,13
10.715884,144,44,13
10.719957,145,44,13
10.753411,146,44,13
10.782424,145,44,13
10.787319,146,44,13
10.81504,145,44,13
10.853816,146,44,13
10.853869,147,44,13
10.887254,147,43,13
10.917634,146,43,13
10.918243,146,42,13
10.921684,147,42,13
10.921733,148,42,13
10.921883,149,42,13
10.953932,150,42,13
10.985372,151,42,13
10.985502,152,42,13
10.985583,153,42,13
11.017321,153,41,13
11.01773,152,41,13
11.045889,151,41,13
11.048287,150,41,13
11.07891,151,41,13
11.135157,150,41,13
11.169704,149,41,13
11.204735,148,41,13
11.236536,147,41,13
11.241466,147,42,13
11.268556,148,42,13
11.303151,149,42,13
11.33556,148,42,13
11.394435,147,42,13
11.396319,146,42,13
11.400626,147,42,13
11.400924,148,42,13
11.401047,149,42,13
11.401563,150,42,13
11.428172,149,42,13
11.429132,149,41,13
11.445302,149,42,13
11.460325,149,41,13
11.460951,148,41,13
11.461746,147,41,13
11.466877,148,41,13
11.506072,148,42,13
11.529877,147,42,13
11.563659,146,42,13
11.59262,145,42,13
11.619701,144,42,13
11.628216,145,42,13
11.695401,146,42,13
11.724924,145,42,13
11.727792,146,42,13
11.728594,147,42,13
11.728672,148,42,13
11.753753,148,41,13
11.753953,148,40,13
11.761214,149,40,13
11.792289,148,40,13
11.79438,149,40,13
11.828474,150,40,13
11.862343,151,40,13
11.891359,150,40,13
11.892009,150,39,13
11.895464,151,39,13
11.904111,151,40,13
11.923269,151,39,13
11.929061,152,39,13
11.957957,151,39,13
11.963209,152,39,13
11.98964,152,38,13
11.991706,153,38,13
12.01952,153,37,13
12.026703,154,37,13
12.071284,154,38,13
12.090892,154,37,13
12.094699,155,37,13
12.124168,154,37,13
12.128562,155,37,13
12.140691,155,38,13
12.155116,154,38,13
12.161433,153,38,13
12.162746,154,38,13
12.163045,155,38,13
12.163341,156,38,13
12.193836,157,38,13
12.295773,158,38,13
12.3557,157,38,13
12.356678,156,38,13
12.357022,156,37,13
12.387248,155,37,13
12.421637,154,37,13
12.425688,153,37,13
12.428498,154,37,13
12.460099,153,37,13
12.46201,154,37,13
12.49598,155,37,13
12.505673,155,38,13
12.52841,154,38,13
12.5291,155,38,13
12.562887,156,38,13
12.589417,155,38,13
12.593993,156,38,13
12.594135,157,38,13
12.598798,157,39,13
12.629225,158,39,13
12.659238,159,39,13
12.691483,160,39,13
12.691543,161,39,13
12.719543,160,39,13
12.753358,159,39,13
12.758013,158,39,13
12.785162,157,39,13
12.785861,157,38,13
12.792055,158,38,13
12.798211,158,39,13
12.888659,157,39,13
12.922154,156,39,13
12.925426,157,39,13
12.925669,158,39,13
12.952212,158,38,13
12.956107,157,38,13
12.957648,157,37,13
12.958491,158,37,13
12.992102,159,37,13
12.992193,160,37,13
13.026438,160,38,13
13.061504,161,38,13
13.0865,160,38,13
13.095919,161,38,13
13.154026,160,38,13
13.162105,161,38,13
13.198704,161,37,13
13.199044,160,37,13
13.199185,160,36,13
13.20198,161,36,13
13.203097,162,36,13
13.230777,161,36,13
13.236297,160,36,13
13.266328,159,36,13
13.279254,159,37,13
13.297772,159,36,13
13.299815,158,36,13
13.32946,157,36,13
13.367564,158,36,13
13.367675,159,36,13
13.400652,160,36,13
13.426107,159,36,13
13.432483,159,35,13
13.433807,159,34,13
13.435318,158,34,13
13.435481,159,34,13
13.435604,160,34,13
13.502231,161,34,13
13.502653,162,34,13
13.536715,163,34,13
13.564061,162,34,13
13.581008,162,35,13
13.608711,161,35,13
13.611011,162,35,13
13.641851,161,35,13
13.675325,161,34,13
13.677322,162,34,13
13.68268,162,35,13
13.687034,162,36,13
13.712957,163,36,13
13.734897,163,35,13
13.741595,163,34,13
13.742192,164,34,13
13.768906,163,34,13
13.809109,164,34,13
13.838714,164,33,13
13.84438,165,33,13
13.8729,164,33,13
13.873042,164,32,13
13.91945,164,33,13
13.944501,163,33,13
13.953784,163,34,13
13.973997,163,33,13
13.979018,164,33,13
13.979927,165,33,13
13.980158,166,33,13
13.980369,167,33,13
13.980424,168,33,13
13.980667,169,33,13
14.014687,170,33,13
14.020418,170,34,13
14.041017,169,34,13
14.046435,170,34,13
14.046556,171,34,13
14.073034,171,33,13
14.077684,172,33,13
14.113062,173,33,13
14.113254,174,33,13
14.139584,173,33,13
14.141021,172,33,13
14.142951,173,33,13
14.146544,174,33,13
14.242403,174,32,13
14.242753,174,31,13
14.243482,173,31,13
14.279569,174,31,13
14.3071,173,31,13
14.342147,172,31,13
14.373153,172,30,13
14.377498,173,30,13
14.377971,174,30,13
14.409457,173,30,13
14.411957,172,30,13
14.412404,173,30,13
14.412727,174,30,13
14.439393,174,29,13
14.446258,175,29,13
14.477397,176,29,13
14.47764,175,29,13
14.511546,176,29,13
14.512037,175,29,13
14.537978,174,29,13
14.543099,175,29,13
14.612764,176,29,13
14.613007,177,29,13
14.636075,176,29,13
14.640011,175,29,13
14.67593,176,29,13
14.710634,177,29,13
14.739176,176,29,13
14.74071,176,28,13
14.7788,177,28,13
14.810139,176,28,13
14.810671,175,28,13
14.812249,176,28,13
14.812391,177,28,13
14.812746,178,28,13
14.839494,177,28,13
14.843292,177,27,13
14.909769,178,27,13
14.936909,178,26,13
14.937907,177,26,13
14.940291,176,26,13
14.943359,177,26,13
14.943411,178,26,13
14.943687,179,26,13
14.976247,180,26,13
14.980731,180,27,13
14.988824,180,28,13
15.008333,179,28,13
15.012247,180,28,13
15.012847,181,28,13
15.023674,181,29,13
15.041953,180,29,13
15.048323,181,29,13
15.073235,181,28,13
15.078802,180,28,13
15.079855,181,28,13
15.103633,180,28,13
15.111537,181,28,13
15.111645,182,28,13
15.14047,182,27,13
15.155017,182,28,13
15.173107,182,27,13
15.180152,181,27,13
15.180168,182,27,13
15.20375,181,27,13
15.211455,182,27,13
15.24008,181,27,13
15.241087,180,27,13
15.241766,179,27,13
15.245397,178,27,13
15.2468,179,27,13
15.272783,179,26,13
15.274595,179,25,13
15.276714,180,25,13
15.287937,180,26,13
15.309426,180,25,13
15.310196,179,25,13
15.312911,180,25,13
15.313702,181,25,13
15.339126,180,25,13
15.343411,181,25,13
15.343858,182,25,13
15.378958,183,25,13
15.37921,184,25,13
15.379402,185,25,13
15.404002,184,25,13
15.405268,183,25,13
15.410837,184,25,13
15.445428,185,25,13
15.446017,186,25,13
15.453251,186,26,13
15.468057,186,25,13
15.473587,186,24,13
15.475917,185,24,13
15.476184,184,24,13
15.476213,185,24,13
15.506033,184,24,13
15.508276,185,24,13
15.540852,184,24,13
15.543437,185,24,13
15.578092,186,24,13
15.608471,185,24,13
15.613065,186,24,13
15.643785,187,24,13
15.643841,188,24,13
15.64415,189,24,13
15.679431,190,24,13
15.709886,191,24,13
15.710005,192,24,13
15.774549,191,24,13
15.77501,190,24,13
15.801755,189,24,13
15.80628,188,24,13
15.809161,189,24,13
15.809489,190,24,13
15.80973,191,24,13
15.813395,192,24,13
15.845031,193,24,13
15.880497,194,24,13
15.911064,193,24,13
15.911447,194,24,13
15.911625,195,24,13
15.974907,194,24,13
15.976347,195,24,13
16.011212,195,23,13
16.012327,196,23,13
16.044159,196,22,13
16.046259,197,22,13
16.046376,198,22,13
16.073228,197,22,13
16.104262,197,21,13
16.106265,196,21,13
16.109313,197,21,13
16.136669,196,21,13
16.139181,196,20,13
16.173728,195,20,13
16.179126,196,20,13
16.179479,197,20,13
16.179592,198,20,13
16.206066,197,20,13
16.209447,198,20,13
16.313505,198,21,13
16.344176,199,21,13
16.344246,200,21,13
16.372549,199,21,13
16.377249,198,21,13
16.377287,199,21,13
16.378511,200,21,13
16.3791,200,22,13
16.405967,200,21,13
16.437855,200,20,13
16.471938,200,19,13
16.474876,199,19,13
16.475884,199,18,13
16.479852,200,18,13
16.508375,201,18,13
16.508642,202,18,13
16.55445,202,18,14
16.605431,201,18,14
16.612604,202,18,14
16.6429,203,18,14
16.64871,203,19,14
16.677078,204,19,14
16.679033,205,19,14
16.70524,204,19,14
16.706539,203,19,14
16.721748,203,20,14
16.74152,203,19,14
16.7784,204,19,14
16.812989,205,19,14
16.83681,204,19,14
16.837526,203,19,14
16.874248,203,18,14
16.875764,202,18,14
16.876924,202,17,14
16.878358,203,17,14
16.878413,204,17,14
16.912716,205,17,14
16.938203,205,17,13
16.944857,206,17,13
16.975713,205,17,13
17.009977,206,17,13
17.021505,206,18,13
17.045859,206,17,13
17.046227,207,17,13
17.046339,208,17,13
17.07085,207,17,13
17.072243,207,16,13
17.112793,208,16,13
17.113106,209,16,13
17.11321,210,16,13
17.113289,211,16,13
17.113396,212,16,13
17.121153,212,17,13
17.143085,212,16,13
17.145414,213,16,13
17.210252,214,16,13
17.244584,215,16,13
17.244725,216,16,13
17.244916,217,16,13
17.278503,218,16,13
17.309771,217,16,13
17.314127,218,16,13
17.375247,217,16,13
17.376299,218,16,13
17.377559,219,16,13
17.377677,220,16,13
17.40608,219,16,13
17.406941,218,16,13
17.408191,217,16,13
17.4125,217,15,13
17.468127,216,15,13
17.474137,215,15,13
17.4753,214,15,13
17.476605,213,15,13
17.50668,212,15,13
17.513062,213,15,13
17.513671,214,15,13
17.539876,214,14,13
17.541283,213,14,13
17.542387,214,14,13
17.542458,215,14,13
17.5727,215,13,13
17.57864,214,13,13
17.609612,213,13,13
17.648688,213,14,13
17.678262,214,14,13
17.705754,214,13,13
17.708239,214,12,13
17.713534,215,12,13
17.735472,215,11,13
17.771822,214,11,13
17.837397,213,11,13
17.843149,214,11,13
17.94325,215,11,13
17.949284,215,12,13
17.973267,214,12,13
17.974359,213,12,13
18.014617,214,12,13
18.022139,214,13,13
18.074742,214,12,13
18.079373,215,12,13
18.105802,214,12,13
18.112825,214,13,13
18.143346,215,13,13
18.173111,214,13,13
18.177455,213,13,13
18.179103,213,12,13
18.179571,214,12,13
18.187535,214,13,13
18.203863,214,12,13
18.203874,214,11,13
18.209653,215,11,13
18.209772,216,11,13
18.210002,217,11,13
18.240103,216,11,13
18.245159,217,11,13
18.273181,217,10,13
18.275856,217,9,13
18.28061,218,9,13
18.310511,217,9,13
18.31135,218,9,13
18.322324,218,10,13
18.406643,218,9,13
18.407021,217,9,13
18.411264,216,9,13
18.420824,216,10,13
18.422482,216,11,13
18.454368,217,11,13
18.454416,218,11,13
18.48543,219,11,13
18.485675,220,11,13
18.519946,220,11,12
18.521647,221,11,12
18.52737,221,12,12
18.545838,220,12,12
18.55357,221,12,12
18.565057,221,13,12
18.586268,220,13,12
18.587317,219,13,12
18.612715,218,13,12
18.618507,217,13,12
18.620238,218,13,12
18.620961,219,13,12
18.621036,220,13,12
18.621117,221,13,12
18.626438,221,14,12
18.651436,221,13,12
18.652866,220,13,12
18.653141,221,13,12
18.676313,221,12,12
18.683796,221,11,12
18.684819,220,11,12
18.719581,219,11,12
18.744373,218,11,12
18.77789,217,11,12
18.778018,216,11,12
18.784665,217,11,12
18.819878,216,11,12
18.820122,217,11,12
18.820393,218,11,12
18.820847,219,11,12
18.845215,218,11,12
18.949223,217,11,12
18.951495,216,11,12
18.985604,216,10,12
19.014765,215,10,12
19.015796,215,9,12
19.021801,216,9,12
19.022151,217,9,12
19.022244,218,9,12
19.022375,219,9,12
19.022621,220,9,12
19.079407,219,9,12
19.087539,220,9,12
19.097744,220,10,12
19.11564,219,10,12
19.120375,218,10,12
19.122358,217,10,12
19.123187,218,10,12
19.123399,219,10,12
19.152955,218,10,12
19.1584,219,10,12
19.178445,218,10,12
19.180104,217,10,12
19.181024,217,9,12
19.185809,218,9,12
19.285628,219,9,12
19.296424,219,10,12
19.314682,219,9,12
19.321944,220,9,12
19.330313,220,10,12
19.352897,221,10,12
19.353574,222,10,12
19.382993,221,10,12
19.389395,222,10,12
19.417955,222,9,12
19.420991,223,9,12
19.421134,224,9,12
19.427851,224,10,12
19.486322,225,10,12
19.486382,226,10,12
19.497662,226,11,12
19.522913,227,11,12
19.523128,228,11,12
19.554999,229,11,12
19.55967,229,12,12
19.579798,228,12,12
19.621652,229,12,12
19.623324,230,12,12
19.623416,231,12,12
19.645163,230,12,12
19.649865,229,12,12
19.688857,230,12,12
19.688996,231,12,12
19.722042,232,12,12
19.749726,232,11,12
19.755732,233,11,12
19.75661,234,11,12
19.756924,235,11,12
19.75695,236,11,12
19.806145,236,12,12
19.824687,236,11,12
19.830488,236,10,12
19.831518,235,10,12
19.831886,236,10,12
19.856765,235,10,12
19.863483,236,10,12
19.863576,237,10,12
19.895991,236,10,12
19.896189,237,10,12
19.89638,238,10,12
19.924104,238,9,12
19.928524,239,9,12
19.928837,240,9,12
19.954881,239,9,12
19.956142,238,9,12
19.99283,239,9,12
19.992937,240,9,12
20.019663,239,9,12
20.028703,239,8,12
20.030796,240,8,12
20.062286,241,8,12
20.089708,240,8,12
20.094755,239,8,12
20.098168,240,8,12
20.09825,241,8,12
20.098361,242,8,12
20.130704,243,8,12
20.135116,244,8,12
20.135208,245,8,12
20.13647,245,9,12
20.159709,245,8,12
20.161572,245,7,12
20.393818,245,8,12
20.39516,245,9,12
20.441051,246,9,12
20.44832,246,10,12
20.474281,245,10,12
20.507817,244,10,12
20.542055,243,10,12
20.548801,244,10,12
20.610298,244,9,12
20.641111,244,8,12
20.645841,243,8,12
20.647494,244,8,12
20.647571,245,8,12
20.689219,245,9,12
20.715398,246,9,12
20.743617,245,9,12
20.743761,244,9,12
20.747138,245,9,12
20.748097,246,9,12
20.807691,245,9,12
20.838799,245,8,12
20.847165,246,8,12
20.873037,245,8,12
20.880208,246,8,12
20.910638,245,8,12
20.911388,245,7,12
20.912742,245,6,12
20.913042,246,6,12
20.918827,246,7,12
20.944719,246,6,12
20.945889,246,5,12
20.946649,247,5,12
20.953003,247,5,13
20.977601,246,5,13
21.005632,245,5,13
21.011518,244,5,13
21.042098,243,5,13
21.046013,244,5,13
21.04852,243,5,13
21.050105,244,5,13
21.050299,245,5,13
21.054109,245,5,14
21.07511,244,5,14
21.079314,245,5,14
21.080438,246,5,14
21.108764,246,4,14
21.146144,247,4,14
21.146754,248,4,14
21.146955,249,4,14
21.181544,250,4,14
21.21125,249,4,14
21.214998,250,4,14
21.215586,251,4,14
21.247769,250,4,14
21.276352,249,4,14
21.281623,250,4,14
21.281684,251,4,14
21.311773,250,4,14
21.341517,249,4,14
21.344778,248,4,14
21.35257,249,4,14
21.389694,248,4,14
21.389749,249,4,14
21.397627,249,5,14
21.423898,250,5,14
21.423977,251,5,14
21.424298,252,5,14
21.451786,251,5,14
21.457181,252,5,14
21.490177,253,5,14
21.521898,252,5,14
21.523194,251,5,14
21.523952,252,5,14
21.529713,252,6,14
21.551341,251,6,14
21.587126,250,6,14
21.591193,250,5,14
21.595736,251,5,14
21.595817,252,5,14
21.621665,252,4,14
21.622381,252,3,14
21.62801,253,3,14
21.628112,254,3,14
21.628216,255,3,14
21.660773,254,3,14
21.660943,254,2,14
21.665199,254,1,14
21.693526,253,1,14
21.697774,254,1,14
21.729752,253,1,14
21.731104,254,1,14
21.731167,255,1,14
21.757848,254,1,14
21.791812,254,0,14
21.85448,253,0,14
21.860944,252,0,14
21.882978,252,-1,14
21.888382,252,-2,14
21.89429,253,-2,14
21.894397,254,-2,14
21.894604,255,-2,14
21.923992,254,-2,14
21.926826,254,-3,14
21.929263,254,-4,14
21.963094,255,-4,14
21.963264,256,-4,14
22.02844,256,-4,13
22.039602,256,-3,13
22.064195,257,-3,13
22.09654,258,-3,13
22.096668,259,-3,13
22.096985,260,-3,13
22.163982,261,-3,13
22.19427,262,-3,13
22.22947,262,-4,13
22.29318,261,-4,13
22.294191,260,-4,13
22.33005,261,-4,13
22.360593,260,-4,13
22.362409,261,-4,13
22.394761,260,-4,13
22.457981,259,-4,13
22.465668,260,-4,13
22.466109,261,-4,13
22.498453,262,-4,13
22.524019,261,-4,13
22.560472,262,-4,13
22.562122,263,-4,13
22.562431,264,-4,13
22.586832,263,-4,13
22.594197,262,-4,13
22.625887,261,-4,13
22.630264,262,-4,13
22.630695,263,-4,13
22.66045,262,-4,13
22.662039,263,-4,13
22.698605,264,-4,13
22.72988,265,-4,13
22.730422,266,-4,13
22.769228,266,-5,13
22.801724,265,-5,13
22.803695,266,-5,13
22.833292,266,-6,13
22.839248,267,-6,13
22.869978,267,-7,13
22.87297,268,-7,13
22.873069,269,-7,13
22.877568,268,-7,13
22.877607,268,-6,13
22.898757,267,-6,13
22.901463,266,-6,13
22.902083,266,-7,13
22.905437,267,-7,13
22.93716,266,-7,13
22.937835,267,-7,13
22.938121,267,-8,13
22.963407,266,-8,13
22.969778,267,-8,13
23.002685,266,-8,13
23.005321,267,-8,13
23.005532,268,-8,13
23.012718,268,-7,13
23.030928,267,-7,13
23.037888,268,-7,13
23.068965,269,-7,13
23.104652,270,-7,13
23.13509,269,-7,13
23.172109,270,-7,13
23.1767,270,-7,14
23.194031,269,-7,14
23.205499,270,-7,14
23.205544,271,-7,14
23.205629,272,-7,14
23.206028,273,-7,14
23.239102,274,-7,14
23.270471,275,-7,14
23.303061,276,-7,14
23.303296,277,-7,14
23.336972,276,-7,14
23.338587,275,-7,14
23.37256,276,-7,14
23.372714,277,-7,14
23.406489,278,-7,14
23.406609,279,-7,14
23.406647,280,-7,14
23.428583,279,-7,14
23.434743,278,-7,14
23.436442,277,-7,14
23.472083,278,-7,14
23.472217,279,-7,14
23.513748,279,-6,14
23.540937,280,-6,14
23.541024,281,-6,14
23.541076,282,-6,14
23.572235,281,-6,14
23.574149,282,-6,14
23.606471,283,-6,14
23.640344,284,-6,14
23.640742,285,-6,14
23.641401,286,-6,14
23.707496,287,-6,14
23.708752,288,-6,14
23.712567,289,-6,14
23.74055,288,-6,14
23.744933,287,-6,14
23.745534,288,-6,14
23.773426,287,-6,14
23.775657,286,-6,14
23.77581,285,-6,14
23.77936,286,-6,14
23.802917,286,-7,14
23.853492,286,-6,14
23.877227,285,-6,14
23.878814,286,-6,14
23.910391,287,-6,14
23.94758,286,-6,14
23.98193,287,-6,14
23.985849,288,-6,14
24.009976,288,-7,14
24.015767,289,-7,14
24.016267,290,-7,14
24.047427,290,-8,14
24.050338,289,-8,14
24.050684,290,-8,14
24.050748,291,-8,14
24.050897,292,-8,14
24.062691,292,-7,14
24.082378,291,-7,14
24.083713,291,-8,14
24.089361,292,-8,14
24.152839,291,-8,14
24.153924,290,-8,14
24.15488,289,-8,14
24.161229,290,-8,14
24.183027,289,-8,14
24.189546,290,-8,14
24.190036,291,-8,14
24.190114,292,-8,14
24.1902,293,-8,14
24.215987,292,-8,14
24.22066,291,-8,14
24.223757,292,-8,14
24.224499,293,-8,14
24.22453,294,-8,14
24.231347,294,-7,14
24.252144,293,-7,14
24.256928,294,-7,14
24.286831,293,-7,14
24.321479,292,-7,14
24.324039,293,-7,14
24.324124,294,-7,14
24.324272,295,-7,14
24.357743,296,-7,14
24.39044,296,-8,14
24.395816,297,-8,14
24.396073,298,-8,14
24.396258,299,-8,14
24.421795,299,-9,14
24.424251,299,-10,14
24.428226,298,-10,14
24.429551,299,-10,14
24.462411,300,-10,14
24.528864,301,-10,14
24.528941,302,-10,14
24.530798,303,-10,14
24.530939,304,-10,14
24.560148,303,-10,14
24.565308,304,-10,14
24.565551,305,-10,14
24.599944,306,-10,14
24.675363,307,-10,14
24.675525,308,-10,14
24.713201,307,-10,14
24.714189,308,-10,14
24.714808,309,-10,14
24.745603,308,-10,14
24.74993,309,-10,14
24.755094,309,-9,14
24.780122,309,-10,14
24.784529,308,-10,14
24.787328,309,-10,14
24.787441,310,-10,14
24.787778,311,-10,14
24.848865,310,-10,14
24.856142,311,-10,14
24.856737,312,-10,14
24.856884,313,-10,14
24.888138,312,-10,14
24.919001,312,-11,14
24.923894,312,-12,14
24.956855,311,-12,14
24.964118,312,-12,14
24.964237,313,-12,14
24.970336,313,-11,14
25.030135,312,-11,14
25.067654,311,-11,14
25.07106,312,-11,14
25.098282,311,-11,14
25.098967,310,-11,14
25.103382,311,-11,14
25.169945,310,-11,14
25.17049,311,-11,14
25.171361,312,-11,14
25.199072,311,-11,14
25.202956,310,-11,14
25.203901,311,-11,14
25.204194,312,-11,14
25.20468,313,-11,14
25.209881,313,-10,14
25.307904,314,-10,14
25.381695,315,-10,14
25.411445,314,-10,14
25.423372,314,-9,14
25.447509,313,-9,14
25.456024,314,-9,14
25.456146,315,-9,14
25.456582,316,-9,14
25.559532,315,-9,14
25.566148,316,-9,14
25.590259,315,-9,14
25.598298,316,-9,14
25.623784,315,-9,14
25.62607,314,-9,14
25.632493,315,-9,14
25.633761,316,-9,14
25.638772,316,-8,14
25.672185,317,-8,14
25.701409,316,-8,14
25.702857,316,-9,14
25.705625,316,-10,14
25.70904,317,-10,14
25.74302,317,-11,14
25.745317,317,-12,14
25.751348,317,-11,14
25.779492,318,-11,14
25.779816,319,-11,14
25.784454,319,-10,14
25.800838,318,-10,14
25.843401,317,-10,14
25.847895,318,-10,14
25.850245,319,-10,14
25.854243,319,-9,14
25.878596,318,-9,14
25.884826,319,-9,14
25.884964,320,-9,14
25.896297,320,-8,14
25.925408,321,-8,14
25.956488,320,-8,14
25.959477,319,-8,14
25.966156,320,-8,14
25.996908,319,-8,14
26.009129,319,-7,14
26.036514,318,-7,14
26.038747,317,-7,14
26.045127,317,-6,14
26.070941,317,-7,14
26.075801,318,-7,14
26.105709,317,-7,14
26.108882,317,-8,14
26.114554,318,-8,14
26.114615,319,-8,14
26.141576,318,-8,14
26.151855,319,-8,14
26.152004,320,-8,14
26.190617,319,-8,14
26.229248,318,-8,14
26.230725,319,-8,14
26.266654,320,-8,14
26.266743,321,-8,14
26.313084,320,-8,14
26.323141,320,-7,14
26.379517,320,-7,13
26.416373,320,-8,13
26.421284,320,-9,13
26.423362,321,-9,13
26.424428,320,-9,13
26.425321,321,-9,13
26.425395,322,-9,13
26.425486,323,-9,13
26.425633,324,-9,13
26.459425,324,-10,13
26.466668,324,-11,13
26.46669,325,-11,13
26.46674,326,-11,13
26.505964,327,-11,13
26.514711,327,-10,13
26.540205,328,-10,13
26.576005,327,-10,13
26.587468,327,-9,13
26.606928,326,-9,13
26.613472,327,-9,13
26.620226,327,-8,13
26.690285,326,-8,13
26.693356,327,-8,13
26.69376,328,-8,13
26.726239,327,-8,13
26.73211,328,-8,13
26.733146,329,-8,13
26.733573,330,-8,13
26.768149,329,-8,13
26.77278,330,-8,13
26.774633,329,-8,13
26.775193,330,-8,13
26.781282,330,-7,13
26.8182,331,-7,13
26.85363,330,-7,13
26.855707,329,-7,13
26.86251,328,-7,13
26.862533,329,-7,13
26.883518,328,-7,13
26.89623,329,-7,13
26.978639,328,-7,13
26.981238,327,-7,13
26.984339,328,-7,13
26.997214,328,-6,13
27.017104,328,-7,13
27.017626,327,-7,13
27.024496,328,-7,13
27.024976,327,-7,13
27.066075,328,-7,13
27.079732,328,-6,13
27.138471,328,-7,13
27.143401,327,-7,13
27.144493,328,-7,13
27.144645,329,-7,13
27.144896,330,-7,13
27.145164,331,-7,13
27.180564,331,-8,13
27.182013,331,-9,13
27.212858,331,-10,13
27.219688,331,-11,13
27.257347,332,-11,13
27.257417,333,-11,13
27.258212,332,-11,13
27.300289,333,-11,13
27.30036,334,-11,13
27.339287,333,-11,13
27.34206,334,-11,13
27.373435,333,-11,13
27.379503,332,-11,13
27.412438,331,-11,13
27.417815,330,-11,13
27.422488,331,-11,13
27.457585,332,-11,13
27.45804,332,-12,13
27.458561,331,-12,13
27.459383,332,-12,13
27.459779,333,-12,13
27.535547,332,-12,13
27.538299,333,-12,13
27.575045,334,-12,13
27.57528,335,-12,13
27.575761,336,-12,13
27.606215,335,-12,13
27.607953,334,-12,13
27.614253,335,-12,13
27.614355,336,-12,13
27.622273,336,-11,13
27.690799,337,-11,13
27.69312,337,-12,13
27.693525,338,-12,13
27.73188,337,-12,13
27.734492,338,-12,13
27.734556,339,-12,13
27.776308,340,-12,13
27.77647,341,-12,13
27.776564,342,-12,13
27.780715,343,-12,13
27.782569,343,-11,13
27.816522,342,-11,13
27.818334,343,-11,13
27.859968,342,-11,13
27.888498,341,-11,13
27.896477,340,-11,13
27.898727,339,-11,13
27.898933,340,-11,13
27.931953,339,-11,13
27.940508,340,-11,13
27.940835,341,-11,13
27.949292,341,-10,13
27.983641,342,-10,13
27.9975,342,-9,13
28.023493,341,-9,13
28.025324,342,-9,13
28.055082,342,-10,13
28.064429,343,-10,13
28.065802,344,-10,13
28.066264,345,-10,13
28.106662,346,-10,13
28.133335,346,-10,12
28.137026,345,-10,12
28.174918,345,-11,12
28.176272,345,-12,12
28.176631,344,-12,12
28.178354,343,-12,12
28.183663,344,-12,12
28.224459,345,-12,12
28.258699,345,-13,12
28.263656,345,-14,12
28.341493,346,-14,12
28.377119,345,-14,12
28.384584,346,-14,12
28.384654,347,-14,12
28.41961,346,-14,12
28.42471,345,-14,12
28.424761,346,-14,12
28.456626,345,-14,12
28.497096,344,-14,12
28.501588,344,-15,12
28.507187,345,-15,12
28.589479,344,-15,12
28.591052,345,-15,12
28.59132,346,-15,12
28.59178,347,-15,12
28.632366,348,-15,12
28.663698,347,-15,12
28.665024,346,-15,12
28.667895,345,-15,12
28.744264,344,-15,12
28.749391,345,-15,12
28.75036,346,-15,12
28.750401,347,-15,12
28.781116,346,-15,12
28.791775,347,-15,12
28.824816,346,-15,12
28.831269,346,-16,12
28.834621,347,-16,12
28.847705,347,-15,12
28.872584,347,-16,12
28.914233,346,-16,12
28.956573,347,-16,12
28.957597,348,-16,12
28.988122,347,-16,12
29.064131,346,-16,12
29.064529,345,-16,12
29.070826,344,-16,12
29.102161,344,-16,11
29.105356,343,-16,11
29.110158,344,-16,11
29.11031,345,-16,11
29.11046,346,-16,11
29.149164,345,-16,11
29.152087,346,-16,11
29.191473,347,-16,11
29.191544,348,-16,11
29.226002,347,-16,11
29.229726,346,-16,11
29.235535,347,-16,11
29.235657,348,-16,11
29.275088,349,-16,11
29.39858,350,-16,11
29.400347,351,-16,11
29.438291,350,-16,11
29.439754,349,-16,11
29.447871,349,-15,11
29.472787,348,-15,11
29.473335,347,-15,11
29.518414,348,-15,11
29.519044,349,-15,11
29.531912,349,-14,11
29.59103,348,-14,11
29.636134,347,-14,11
29.637225,346,-14,11
29.641225,347,-14,11
29.679903,346,-14,11
29.726499,347,-14,11
29.726579,348,-14,11
29.726644,349,-14,11
29.726719,350,-14,11
29.739517,350,-13,11
29.759894,349,-13,11
29.767525,349,-14,11
29.815894,350,-14,11
29.817269,351,-14,11
29.845477,352,-14,11
29.845588,352,-15,11
29.8844,353,-15,11
29.885799,354,-15,11
29.885891,355,-15,11
29.921941,355,-16,11
29.998609,354,-16,11
30.001213,354,-17,11
30.039918,353,-17,11
30.041212,352,-17,11
30.041399,351,-17,11
30.043152,352,-17,11
30.043231,353,-17,11
30.081186,354,-17,11
30.08534,353,-17,11
30.120513,352,-17,11
30.13782,352,-16,11
30.161107,351,-16,11
30.162395,350,-16,11
30.197128,350,-17,11
30.201761,350,-18,11
30.205171,351,-18,11
30.233341,350,-18,11
30.238372,349,-18,11
30.278743,349,-19,11
30.280701,350,-19,11
30.285754,351,-19,11
30.285956,352,-19,11
30.327099,353,-19,11
30.327534,354,-19,11
30.356558,354,-20,11
30.3615,354,-21,11
30.362654,354,-22,11
30.399568,353,-22,11
30.401983,354,-22,11
30.433705,353,-22,11
30.44062,354,-22,11
30.441293,353,-22,11
30.441683,354,-22,11
30.441812,355,-22,11
30.482756,356,-22,11
30.523884,357,-22,11
30.554068,356,-22,11
30.558104,356,-23,11
30.560056,357,-23,11
30.597162,357,-24,11
30.600149,358,-24,11
30.644711,359,-24,11
30.648897,359,-23,11
30.67407,358,-23,11
30.706926,359,-23,11
30.713213,360,-23,11
30.715819,361,-23,11
30.715925,362,-23,11
30.756734,362,-24,11
30.757402,363,-24,11
30.757526,364,-24,11
30.787396,363,-24,11
30.790242,363,-25,11
30.803873,363,-25,12
30.832095,362,-25,12
30.872037,361,-25,12
30.902368,360,-25,12
30.904242,360,-26,12
30.906749,360,-26,11
30.940466,361,-26,11
30.941945,361,-27,11
30.972796,361,-28,11
30.980165,362,-28,11
30.980287,363,-28,11
30.980585,364,-28,11
31.015277,365,-28,11
31.016986,366,-28,11
31.023281,366,-27,11
31.054935,365,-27,11
31.083224,364,-27,11
31.085384,363,-27,11
31.090047,362,-27,11
31.092418,363,-27,11
31.12699,364,-27,11
31.161406,363,-27,11
31.198585,363,-28,11
31.237243,363,-29,11
31.254347,363,-28,11
31.281685,362,-28,11
31.321285,363,-28,11
31.347589,362,-28,11
31.355063,361,-28,11
31.384982,360,-28,11
31.391073,361,-28,11
31.470251,360,-28,11
31.471821,361,-28,11
31.498607,361,-29,11
31.507243,362,-29,11
31.53902,362,-30,11
31.540146,362,-31,11
31.541153,363,-31,11
31.541704,364,-31,11
31.580505,365,-31,11
31.644433,364,-31,11
31.647679,365,-31,11
31.648143,366,-31,11
31.683403,367,-31,11
31.719397,366,-31,11
31.723266,365,-31,11
31.762581,364,-31,11
31.763144,364,-32,11
31.763785,365,-32,11
31.79927,366,-32,11
31.833674,367,-32,11
31.86366,366,-32,11
31.863861,365,-32,11
31.872592,366,-32,11
31.903806,365,-32,11
31.907412,366,-32,11
31.941704,365,-32,11
31.942839,366,-32,11
32.015854,366,-33,11
32.120621,365,-33,11
32.122936,366,-33,11
32.192684,367,-33,11
32.227553,366,-33,11
32.298588,367,-33,11
32.298848,368,-33,11
32.333522,367,-33,11
32.333577,368,-33,11
32.333886,369,-33,11
32.373647,370,-33,11
32.401565,369,-33,11
32.410014,370,-33,11
32.410367,371,-33,11
32.443641,370,-33,11
32.483384,370,-34,11
32.483636,371,-34,11
32.484171,372,-34,11
32.551778,371,-34,11
32.557019,372,-34,11
32.557327,373,-34,11
32.583768,372,-34,11
32.586617,371,-34,11
32.588523,370,-34,11
32.592163,371,-34,11
32.592231,372,-34,11
32.596382,373,-34,11
32.62576,372,-34,11
32.690669,371,-34,11
32.699632,371,-33,11
32.725579,371,-34,11
32.772978,372,-34,11
32.775527,373,-34,11
32.81039,372,-34,11
32.814493,373,-34,11
32.815422,374,-34,11
32.848133,373,-34,11
32.890754,373,-33,11
32.931795,373,-32,11
32.959835,374,-32,11
32.959922,375,-32,11
32.995808,374,-32,11
32.996387,373,-32,11
32.99864,374,-32,11
32.998766,375,-32,11
33.031737,376,-32,11
33.032077,377,-32,11
33.062565,376,-32,11
33.068673,377,-32,11
33.108323,378,-32,11
33.147916,377,-32,11
33.175302,376,-32,11
33.184126,377,-32,11
33.224025,378,-32,11
33.259237,379,-32,11
33.264853,379,-31,11
33.291784,379,-32,11
33.292041,379,-33,11
33.298728,380,-33,11
33.335934,381,-33,11
33.336118,382,-33,11
33.347022,382,-32,11
33.36991,381,-32,11
33.378237,382,-32,11
33.378331,383,-32,11
33.415052,384,-32,11
33.481904,384,-33,11
33.490972,385,-33,11
33.524833,384,-33,11
33.525228,383,-33,11
33.563586,383,-34,11
33.565675,383,-35,11
33.602165,382,-35,11
33.604281,383,-35,11
33.605024,384,-35,11
33.638584,385,-35,11
33.740676,385,-36,11
33.74995,384,-36,11
33.783127,383,-36,11
33.821156,382,-36,11
33.824025,383,-36,11
33.851374,383,-37,11
33.852753,382,-37,11
33.856863,383,-37,11
33.892051,384,-37,11
33.972371,385,-37,11
34.00396,384,-37,11
34.005967,383,-37,11
34.007222,384,-37,11
34.040381,385,-37,11
34.043975,386,-37,11
34.054697,386,-36,11
34.070742,385,-36,11
34.082625,384,-36,11
34.120527,383,-36,11
34.128659,384,-36,11
34.161105,383,-36,11
34.200123,384,-36,11
34.206286,384,-35,11
34.235792,383,-35,11
34.236798,382,-35,11
34.239313,383,-35,11
34.268831,382,-35,11
34.273077,383,-35,11
34.273126,384,-35,11
34.273215,385,-35,11
34.273287,386,-35,11
34.307675,387,-35,11
34.308349,388,-35,11
34.345949,388,-36,11
34.346531,388,-37,11
34.346736,389,-37,11
34.347073,390,-37,11
34.347697,389,-37,11
34.347753,390,-37,11
34.403957,389,-37,11
34.418658,390,-37,11
34.458744,391,-37,11
34.458945,392,-37,11
34.49898,393,-37,11
34.499198,394,-37,11
34.534139,395,-37,11
34.534258,396,-37,11
34.569037,395,-37,11
34.573595,396,-37,11
34.574346,397,-37,11
34.605114,396,-37,11
34.609849,395,-37,11
34.609859,396,-37,11
34.648102,395,-37,11
34.651418,396,-37,11
34.651711,397,-37,11
34.690779,398,-37,11
34.725881,397,-37,11
34.725899,398,-37,11
34.732408,398,-36,11
34.801434,397,-36,11
34.805891,398,-36,11
34.842402,399,-36,11
34.843898,400,-36,11
34.843971,401,-36,11
34.90879,401,-37,11
34.914035,400,-37,11
34.917479,400,-38,11
34.917519,401,-38,11
34.921161,402,-38,11
34.951244,401,-38,11
34.957455,402,-38,11
34.961168,401,-38,11
34.989509,401,-39,11
34.991712,400,-39,11
34.993087,400,-40,11
34.996211,401,-40,11
34.997126,400,-40,11
34.997591,401,-40,11
35.034512,402,-40,11
35.034572,403,-40,11
35.03504,404,-40,11
35.061126,403,-40,11
35.071433,402,-40,11
35.075754,403,-40,11
35.076069,404,-40,11
35.108677,404,-41,11
35.112525,403,-41,11
35.11346,404,-41,11
35.115149,404,-42,11
35.116359,405,-42,11
35.116512,405,-43,11
35.16441,405,-44,11
35.169855,406,-44,11
35.23021,406,-45,11
35.231719,406,-46,11
35.234264,407,-46,11
35.271254,408,-46,11
35.273645,409,-46,11
35.273712,410,-46,11
35.273815,411,-46,11
35.280989,411,-45,11
35.33653,410,-45,11
35.370563,409,-45,11
35.378923,410,-45,11
35.387617,410,-44,11
35.412625,409,-44,11
35.414227,410,-44,11
35.448167,409,-44,11
35.450305,410,-44,11
35.450428,411,-44,11
35.45048,412,-44,11
35.485629,411,-44,11
35.524992,412,-44,11
35.582147,412,-43,11
35.605982,412,-44,11
35.606613,411,-44,11
35.609439,412,-44,11
35.645193,411,-44,11
35.680781,410,-44,11
35.694097,410,-43,11
35.77885,409,-43,11
35.81342,408,-43,11
35.815018,409,-43,11
35.816071,410,-43,11
35.816527,411,-43,11
35.922022,411,-43,10
35.922828,410,-43,10
35.926154,411,-43,10
35.958574,410,-43,10
35.96566,411,-43,10
35.999726,412,-43,10
35.999806,413,-43,10
35.999874,413,-44,10
36.000714,412,-44,10
36.001907,413,-44,10
36.040485,413,-45,10
36.041939,414,-45,10
36.042011,415,-45,10
36.04247,416,-45,10
36.151561,415,-45,10
36.153146,416,-45,10
36.15337,417,-45,10
36.153457,418,-45,10
36.160267,418,-44,10
36.186744,417,-44,10
36.188121,418,-44,10
36.189278,419,-44,10
36.189426,420,-44,10
36.189596,421,-44,10
36.21906,420,-44,10
36.222888,419,-44,10
36.230561,419,-43,10
36.252936,419,-44,10
36.255173,418,-44,10
36.258925,418,-45,10
36.263197,419,-45,10
36.263664,420,-45,10
36.263773,421,-45,10
36.302926,420,-45,10
36.345644,421,-45,10
36.350862,422,-45,10
36.354116,422,-44,10
36.388294,423,-44,10
36.426065,424,-44,10
36.458969,423,-44,10
36.463212,424,-44,10
36.463999,425,-44,10
36.500553,426,-44,10
36.50069,427,-44,10
36.501106,428,-44,10
36.533485,428,-45,10
36.534256,428,-46,10
36.541576,429,-46,10
36.547706,429,-45,10
36.579305,428,-45,10
36.580912,429,-45,10
36.618038,430,-45,10
36.620193,429,-45,10
36.653182,428,-45,10
36.696471,429,-45,10
36.699683,430,-45,10
36.699969,431,-45,10
36.731575,430,-45,10
36.737832,429,-45,10
36.738697,428,-45,10
36.742422,429,-45,10
36.742494,430,-45,10
36.742561,431,-45,10
36.776074,430,-45,10
36.782129,431,-45,10
36.811189,430,-45,10
36.813881,429,-45,10
36.844675,428,-45,10
36.900115,429,-45,10
36.933677,428,-45,10
36.936697,427,-45,10
36.939999,426,-45,10
37.016582,427,-45,10
37.01666,428,-45,10
37.023843,428,-44,10
37.095647,427,-44,10
37.102685,428,-44,10
37.13887,427,-44,10
37.144837,428,-44,10
37.14535,429,-44,10
37.17577,428,-44,10
37.180951,429,-44,10
37.181909,430,-44,10
37.286447,429,-44,10
37.288203,428,-44,10
37.296617,429,-44,10
37.329157,428,-44,10
37.331976,429,-44,10
37.366566,430,-44,10
37.404598,429,-44,10
37.405039,428,-44,10
37.44666,427,-44,10
37.448301,428,-44,10
37.448832,429,-44,10
37.490733,428,-44,10
37.527374,429,-44,10
37.528139,428,-44,10
37.529985,429,-44,10
37.539459,429,-43,10
37.567157,428,-43,10
37.574422,429,-43,10
37.575165,430,-43,10
37.616947,431,-43,10
37.644857,430,-43,10
37.662929,431,-43,10
37.663113,432,-43,10
37.6718,432,-42,10
37.70124,431,-42,10
37.703873,430,-42,10
37.706472,431,-42,10
37.734517,430,-42,10
37.824515,431,-42,10
37.824946,432,-42,10
37.825096,433,-42,10
37.825146,434,-42,10
37.864555,433,-42,10
37.865317,434,-42,10
37.869108,435,-42,10
37.902961,436,-42,10
37.904114,436,-43,10
37.907794,436,-44,10
37.944401,435,-44,10
37.944866,434,-44,10
37.986283,435,-44,10
37.987041,436,-44,10
37.987279,437,-44,10
38.024636,436,-44,10
38.056323,436,-45,10
38.057211,435,-45,10
38.057245,435,-46,10
38.059291,436,-46,10
38.060067,437,-46,10
38.06124,438,-46,10
38.09832,439,-46,10
38.169024,439,-47,10
38.21861,440,-47,10
38.242794,439,-47,10
38.248602,438,-47,10
38.277277,438,-48,10
38.284814,439,-48,10
38.321861,438,-48,10
38.324863,439,-48,10
38.362331,438,-48,10
38.366464,439,-48,10
38.366778,440,-48,10
38.405242,440,-49,10
38.406581,439,-49,10
38.409244,440,-49,10
38.444924,440,-50,10
38.445226,441,-50,10
38.488194,442,-50,10
38.489866,443,-50,10
38.528317,444,-50,10
38.561888,443,-50,10
38.564291,442,-50,10
38.564963,443,-50,10
38.606149,444,-50,10
38.629828,443,-50,10
38.64563,444,-50,10
38.682574,443,-50,10
38.685393,444,-50,10
38.739321,444,-49,10
38.77106,445,-49,10
38.803369,444,-49,10
38.806768,443,-49,10
38.807244,444,-49,10
38.814911,444,-48,10
38.842735,445,-48,10
38.848183,445,-49,10
38.851584,446,-49,10
38.936404,447,-49,10
38.974916,448,-49,10
39.054346,447,-49,10
39.0914,446,-49,10
39.098778,447,-49,10
39.098958,448,-49,10
39.105295,447,-49,10
39.105334,447,-48,10
39.142496,448,-48,10
39.142937,449,-48,10
39.182649,448,-48,10
39.187443,449,-48,10
39.227451,450,-48,10
39.227557,451,-48,10
39.227587,452,-48,10
39.265918,453,-48,10
39.29784,452,-48,10
39.300331,452,-49,10
39.300821,453,-49,10
39.32869,452,-49,10
39.336442,452,-50,10
39.34109,451,-50,10
39.342717,450,-50,10
39.34573,451,-50,10
39.346172,452,-50,10
39.375697,451,-50,10
39.405303,450,-50,10
39.450925,449,-50,10
39.458746,448,-50,10
39.494322,448,-51,10
39.49775,449,-51,10
39.4981,450,-51,10
39.574902,451,-51,10
39.574979,452,-51,10
39.612754,452,-52,10
39.613762,452,-53,10
39.623028,452,-52,10
39.65629,451,-52,10
39.661164,452,-52,10
39.69441,453,-52,10
39.696043,452,-52,10
39.783826,453,-52,10
39.814497,452,-52,10
39.825605,453,-52,10
39.863211,452,-52,10
39.863246,452,-53,10
39.867802,453,-53,10
39.895666,453,-54,10
39.909378,454,-54,10
39.910236,455,-54,10
39.910412,456,-54,10
39.950542,455,-54,10
39.95262,456,-54,10
40.02781,456,-55,10
40.031885,457,-55,10
40.064765,456,-55,10
40.070738,457,-55,10
40.118284,457,-54,10
40.149478,458,-54,10
40.149657,459,-54,10
40.184542,458,-54,10
40.266976,459,-54,10
40.303525,459,-55,10
40.310026,460,-55,10
40.346231,459,-55,10
40.349481,460,-55,10
40.383046,460,-56,10
40.383586,459,-56,10
40.419064,459,-57,10
40.421451,460,-57,10
40.42189,460,-58,10
40.460743,461,-58,10
40.500637,462,-58,10
40.538128,463,-58,10
40.573874,464,-58,10
40.613205,463,-58,10
40.615051,462,-58,10
40.618579,463,-58,10
40.655791,462,-58,10
40.692726,463,-58,10
40.693178,464,-58,10
40.693418,465,-58,10
40.693531,466,-58,10
40.772488,467,-58,10
40.77343,468,-58,10
40.773605,469,-58,10
40.808733,468,-58,10
40.877259,467,-58,10
40.879612,466,-58,10
40.881912,466,-59,10
40.910099,465,-59,10
40.918588,464,-59,10
40.918973,465,-59,10
40.919054,466,-59,10
40.919196,467,-59,10
40.960492,468,-59,10
41.00484,469,-59,10
41.005014,470,-59,10
41.044078,471,-59,10
41.045244,472,-59,10
41.051652,472,-59,11
41.07497,471,-59,11
41.07811,470,-59,11
41.084712,470,-60,11
41.084749,471,-60,11
41.168885,470,-60,11
41.21623,471,-60,11
41.258891,471,-59,11
41.293398,470,-59,11
41.325874,469,-59,11
41.33345,470,-59,11
41.333588,471,-59,11
41.362202,470,-59,11
41.441291,470,-60,11
41.448025,470,-61,11
41.449468,469,-61,11
41.455015,468,-61,11
41.520204,467,-61,11
41.52766,468,-61,11
41.527757,469,-61,11
41.527791,470,-61,11
41.562201,471,-61,11
41.594019,470,-61,11
41.632101,471,-61,11
41.632189,472,-61,11
41.67406,473,-61,11
41.674224,474,-61,11
41.704091,475,-61,11
41.708639,476,-61,11
41.712271,477,-61,11
41.745612,476,-61,11
41.749857,475,-61,11
41.821554,474,-61,11
41.824157,473,-61,11
41.83061,474,-61,11
41.859533,473,-61,11
41.867026,474,-61,11
41.867135,475,-61,11
41.86746,476,-61,11
41.867994,477,-61,11
41.881,477,-60,11
41.909892,476,-60,11
41.912324,475,-60,11
41.946533,476,-60,11
41.952917,477,-60,11
41.953012,478,-60,11
41.953065,479,-60,11
41.98649,478,-60,11
41.988254,479,-60,11
41.991391,480,-60,11
41.996277,480,-60,12
42.065935,479,-60,12
42.07072,480,-60,12
42.115523,480,-59,12
42.15409,481,-59,12
42.15426,482,-59,12
42.225202,481,-59,12
42.231756,482,-59,12
42.231876,483,-59,12
42.264209,482,-59,12
42.2703,481,-59,12
42.272099,482,-59,12
42.272287,483,-59,12
42.295014,482,-59,12
42.315086,483,-59,12
42.398245,484,-59,12
42.398365,485,-59,12
42.439362,486,-59,12
42.470755,485,-59,12
42.47152,484,-59,12
42.478819,485,-59,12
42.479181,486,-59,12
42.47926,487,-59,12
42.479457,488,-59,12
42.507874,488,-60,12
42.510821,488,-61,12
42.515133,489,-61,12
42.515209,490,-61,12
42.592547,489,-61,12
42.595871,490,-61,12
42.630732,489,-61,12
42.635895,490,-61,12
42.671965,489,-61,12
42.678624,490,-61,12
42.67874,491,-61,12
42.715665,490,-61,12
42.792141,491,-61,12
42.795085,492,-61,12
42.817422,492,-62,12
42.823576,492,-63,12
42.835398,493,-63,12
42.999384,494,-63,12
43.076453,495,-63,12
43.118316,496,-63,12
43.199267,497,-63,12
43.199604,498,-63,12
43.233839,497,-63,12
43.271046,498,-63,12
43.2737,498,-64,12
43.275828,499,-64,12
43.276215,499,-65,12
43.315013,498,-65,12
43.316801,497,-65,12
43.318686,498,-65,12
43.360457,499,-65,12
43.398751,498,-65,12
43.431506,498,-66,12
43.431771,498,-67,12
43.433088,497,-67,12
43.438093,496,-67,12
43.439854,495,-67,12
43.471927,494,-67,12
43.47878,495,-67,12
43.516001,496,-67,12
43.54587,495,-67,12
43.553626,494,-67,12
43.55395,494,-68,12
43.555402,493,-68,12
43.587458,493,-69,12
43.595896,492,-69,12
43.59818,491,-69,12
43.64319,492,-69,12
43.64394,493,-69,12
43.64401,494,-69,12
43.685603,493,-69,12
43.687228,494,-69,12
43.687307,495,-69,12
43.719524,494,-69,12
43.723005,495,-69,12
43.749008,494,-69,12
43.758233,495,-69,12
43.794746,496,-69,12
43.830091,495,-69,12
43.833748,494,-69,12
43.834393,495,-69,12
43.868053,494,-69,12
43.869893,493,-69,12
43.875349,494,-69,12
43.91608,495,-69,12
43.916197,496,-69,12
43.923699,496,-68,12
43.959529,497,-68,12
43.959885,498,-68,12
43.971489,497,-68,12
43.971527,497,-67,12
44.005836,498,-67,12
44.050239,499,-67,12
44.052145,498,-67,12
44.053766,497,-67,12
44.055913,498,-67,12
44.086737,497,-67,12
44.090855,498,-67,12
44.135612,499,-67,12
44.221851,500,-67,12
44.221935,501,-67,12
44.242644,500,-67,12
44.319801,500,-68,12
44.322822,499,-68,12
44.351745,498,-68,12
44.356831,497,-68,12
44.358309,496,-68,12
44.358396,497,-68,12
44.400922,496,-68,12
44.401426,495,-68,12
44.43761,494,-68,12
44.479626,495,-68,12
44.481161,496,-68,12
44.518456,495,-68,12
44.561187,496,-68,12
44.561565,497,-68,12
44.640439,498,-68,12
44.669739,497,-68,12
44.6772,498,-68,12
44.67729,499,-68,12
44.720975,498,-68,12
44.721019,498,-67,12
44.758554,497,-67,12
44.761134,496,-67,12
44.773762,496,-66,12
44.805705,495,-66,12
44.807218,496,-66,12
44.80827,495,-66,12
44.809715,496,-66,12
44.850124,497,-66,12
44.850716,496,-66,12
44.885976,495,-66,12
44.889101,496,-66,12
44.925039,497,-66,12
44.928653,498,-66,12
44.929781,499,-66,12
44.963456,500,-66,12
45.03594,499,-66,12
45.088489,500,-66,12
45.116862,500,-67,12
45.120212,500,-68,12
45.163602,499,-68,12
45.165052,499,-69,12
45.165313,499,-70,12
45.19836,498,-70,12
45.200681,499,-70,12
45.235124,500,-70,12
45.237052,499,-70,12
45.282075,500,-70,12
45.310216,499,-70,12
45.349058,500,-70,12
45.357799,501,-70,12
45.358732,502,-70,12
45.431744,501,-70,12
45.45599,501,-71,12
45.46364,501,-72,12
45.493399,500,-72,12
45.496091,499,-72,12
45.574915,500,-72,12
45.578711,501,-72,12
45.579002,502,-72,12
45.609622,501,-72,12
45.622396,501,-71,12
45.717491,500,-71,12
45.72137,499,-71,12
45.758503,498,-71,12
45.760883,497,-71,12
45.770284,498,-71,12
45.77036,499,-71,12
45.770392,500,-71,12
45.832537,499,-71,12
45.833525,498,-71,12
45.834495,497,-71,12
45.876151,498,-71,12
45.879262,499,-71,12
45.951048,498,-71,12
45.956685,499,-71,12
45.959216,500,-71,12
45.959649,501,-71,12
45.959705,502,-71,12
45.993124,501,-71,12
45.995711,500,-71,12
46.067474,499,-71,12
46.069391,500,-71,12
46.097194,499,-71,12
46.184013,498,-71,12
46.186823,499,-71,12
46.186927,500,-71,12
46.255755,499,-71,12
46.286447,499,-72,12
46.292946,500,-72,12
46.400936,499,-72,12
46.435246,498,-72,12
46.479523,497,-72,12
46.486231,498,-72,12
46.486712,499,-72,12
46.558566,498,-72,12
46.560662,499,-72,12
46.560766,500,-72,12
46.661229,499,-72,12
46.664237,498,-72,12
46.704142,497,-72,12
46.748907,498,-72,12
46.748991,499,-72,12
46.786769,500,-72,12
46.787385,501,-72,12
46.848982,500,-72,12
46.890785,500,-71,12
46.890845,500,-72,12
46.891546,499,-72,12
46.891586,498,-72,12
46.891806,497,-72,12
46.917997,497,-73,12
46.970068,498,-73,12
46.97016,499,-73,12
46.970356,500,-73,12
46.970439,501,-73,12
46.997984,501,-74,12
46.998261,500,-74,12
47.005915,500,-75,12
47.037189,499,-75,12
47.077108,500,-75,12
47.112314,499,-75,12
47.147371,498,-75,12
47.15159,497,-75,12
47.190881,498,-75,12
47.196235,499,-75,12
47.231769,500,-75,12
47.235611,499,-75,12
47.265652,498,-75,12
47.266714,497,-75,12
47.27192,496,-75,12
47.273537,497,-75,12
47.30317,498,-75,12
47.346179,499,-75,12
47.418485,500,-75,12
47.465301,500,-74,12
47.494351,499,-74,12
47.536982,500,-74,12
47.56614,499,-74,12
47.567376,498,-74,12
47.650232,498,-75,12
47.650442,499,-75,12
47.693613,498,-75,12
47.694221,499,-75,12
47.694373,500,-75,12
47.694429,501,-75,12
47.759451,500,-75,12
47.763198,499,-75,12
47.793295,499,-76,12
47.793317,499,-77,12
47.797033,498,-77,12
47.867554,497,-77,12
47.869751,497,-78,12
47.871148,497,-79,12
47.873996,496,-79,12
47.915407,496,-80,12
47.953729,495,-80,12
48.035495,494,-80,12
48.036314,495,-80,12
48.067942,494,-80,12
48.072993,495,-80,12
48.073066,496,-80,12
48.073214,497,-80,12
48.073356,498,-80,12
48.107331,499,-80,12
48.107813,500,-80,12
48.134495,499,-80,12
48.136018,499,-81,12
48.13837,499,-82,12
48.171455,500,-82,12
48.174288,501,-82,12
48.206429,501,-83,12
48.208798,501,-84,12
48.311884,501,-83,12
48.342592,501,-82,12
48.364499,500,-82,12
48.438499,499,-82,12
48.446926,499,-81,12
48.475642,499,-82,12
48.477259,499,-83,12
48.500272,498,-83,12
48.59042,498,-84,12
48.590805,499,-84,12
48.619281,498,-84,12
48.625537,498,-85,12
48.658722,498,-86,12
48.665465,498,-87,12
48.665501,499,-87,12
48.665591,500,-87,12
48.729376,499,-87,12
48.759634,499,-88,12
48.75997,498,-88,12
48.762513,498,-89,12
48.795061,497,-89,12
48.796659,497,-90,12
48.87164,498,-90,12
48.871753,499,-90,12
48.871852,500,-90,12
48.90403,499,-90,12
48.933349,498,-90,12
48.93637,499,-90,12
48.971803,500,-90,12
48.971901,501,-90,12
49.000504,500,-90,12
49.002075,499,-90,12
49.043399,500,-90,12
49.078451,500,-89,12
49.099766,499,-89,12
49.102736,498,-89,12
49.109496,498,-88,12
49.186402,497,-88,12
49.188814,498,-88,12
49.188892,499,-88,12
49.196325,499,-87,12
49.224125,498,-87,12
49.225704,499,-87,12
49.226045,500,-87,12
49.226176,501,-87,12
49.226237,502,-87,12
49.32834,501,-87,12
49.328799,500,-87,12
49.394206,500,-88,12
49.425257,500,-89,12
49.427777,500,-90,12
49.496789,500,-91,12
49.507233,500,-92,12
49.569313,499,-92,12
49.571041,498,-92,12
49.611258,499,-92,12
49.63828,498,-92,12
49.671262,497,-92,12
49.680273,497,-91,12
49.750287,498,-91,12
49.750463,499,-91,12
49.778871,498,-91,12
49.77995,499,-91,12
49.78004,500,-91,12
49.780173,501,-91,12
49.809648,500,-91,12
49.818361,500,-90,12
49.818383,500,-89,12
49.84492,499,-89,12
49.875318,498,-89,12
49.880846,499,-89,12
49.91819,500,-89,12
49.918339,501,-89,12
49.918426,502,-89,12
49.924931,502,-88,12
50.02435,501,-88,12
50.125362,500,-88,12
50.135652,500,-87,12
50.199283,499,-87,12
50.226889,498,-87,12
50.235617,499,-87,12
50.272401,498,-87,12
50.272752,499,-87,12
50.276276,500,-87,12
50.353936,500,-86,12
50.456542,499,-86,12
50.489811,498,-86,12
50.492808,499,-86,12
50.492921,500,-86,12
50.628445,499,-86,12
50.631063,498,-86,12
50.70406,499,-86,12
50.704237,500,-86,12
50.735537,499,-86,12
50.768937,498,-86,12
50.771824,499,-86,12
50.822935,499,-85,12
50.898168,500,-85,12
50.900415,501,-85,12
51.079339,500,-85,12
51.090225,500,-84,12
51.110401,499,-84,12
51.156464,500,-84,12
51.156543,501,-84,12
51.184856,501,-85,12
51.257515,500,-85,12
51.258244,499,-85,12
51.259697,498,-85,12
51.261131,497,-85,12
51.301495,498,-85,12
51.343525,499,-85,12
51.380792,498,-85,12
51.381092,499,-85,12
51.383565,500,-85,12
51.420241,499,-85,12
51.454797,498,-85,12
51.457278,499,-85,12
51.460143,500,-85,12
51.460516,501,-85,12
51.526111,500,-85,12
51.563478,499,-85,12
51.565176,498,-85,12
51.650897,499,-85,12
51.651039,500,-85,12
51.783979,499,-85,12
51.862662,498,-85,12
51.864545,497,-85,12
51.910847,498,-85,12
51.947285,497,-85,12
51.98118,498,-85,12
51.981303,499,-85,12
51.981669,500,-85,12
51.982886,501,-85,12
52.052151,500,-85,12
52.077575,499,-85,12
52.092586,500,-85,12
52.194169,499,-85,12
52.243298,500,-85,12
52.311921,499,-85,12
52.315959,498,-85,12
52.352254,497,-85,12
52.353005,496,-85,12
52.354604,497,-85,12
52.387397,497,-86,12
52.388701,497,-87,12
52.425501,497,-88,12
52.429209,497,-89,12
52.429478,496,-89,12
52.466941,497,-89,12
52.5456,498,-89,12
52.546177,499,-89,12
52.546893,500,-89,12
52.608038,500,-90,12
52.610094,500,-91,12
52.64074,500,-92,12
52.643428,500,-93,12
52.652528,500,-92,12
52.758351,500,-93,12
52.764735,500,-92,12
52.790642,499,-92,12
52.791606,498,-92,12
52.791616,498,-93,12
52.832142,499,-93,12
52.941162,500,-93,12
52.941387,501,-93,12
53.109906,500,-93,12
53.183461,499,-93,12
53.217654,498,-93,12
53.218774,497,-93,12
53.222112,496,-93,12
53.226656,497,-93,12
53.226996,498,-93,12
53.227037,499,-93,12
53.293807,498,-93,12
53.301525,499,-93,12
53.301632,500,-93,12
53.365224,499,-93,12
53.366838,498,-93,12
53.379442,498,-92,12
53.401951,499,-92,12
53.451664,500,-92,12
53.451761,501,-92,12
53.486024,501,-93,12
53.48654,501,-94,12
53.518658,500,-94,12
53.523822,499,-94,12
53.55913,500,-94,12
53.559545,501,-94,12
53.58678,500,-94,12
53.596807,500,-95,12
53.631046,500,-96,12
53.674059,500,-95,12
53.699522,500,-95,11
53.706157,499,-95,11
53.772291,500,-95,11
53.779861,499,-95,11
53.813582,500,-95,11
53.94887,499,-95,11
53.950366,498,-95,11
53.985563,497,-95,11
53.987882,498,-95,11
53.989734,497,-95,11
54.054244,496,-95,11
54.064391,496,-96,11
54.066178,497,-96,11
54.067654,498,-96,11
54.067738,499,-96,11
54.067788,500,-96,11
54.094574,499,-96,11
54.111334,500,-96,11
54.111529,501,-96,11
54.274703,500,-96,11
54.300815,499,-96,11
54.316227,500,-96,11
54.316321,501,-96,11
54.439562,500,-96,11
54.479286,499,-96,11
54.515314,500,-96,11
54.611536,499,-96,11
54.612519,498,-96,11
54.649525,499,-96,11
54.681654,500,-96,11
54.685847,501,-96,11
54.719055,500,-96,11
54.748381,499,-96,11
54.751965,499,-97,11
54.824134,498,-97,11
54.824538,499,-97,11
54.854393,498,-97,11
54.890043,498,-98,11
54.891855,497,-98,11
54.896385,497,-99,11
54.933052,498,-99,11
54.938699,498,-98,11
55.009237,499,-98,11
55.009338,500,-98,11
55.06753,499,-98,11
55.082874,500,-98,11
55.178001,500,-99,11
55.188533,500,-99,12
55.419617,500,-100,12
55.425801,500,-99,12
55.448779,500,-100,12
55.449367,499,-100,12
55.519191,498,-100,12
55.522277,497,-100,12
55.525746,498,-100,12
55.526164,499,-100,12
55.526202,500,-100,12
55.617652,499,-100,12
55.627499,498,-100,12
55.629757,499,-100,12
55.634703,500,-100,12
55.646595,500,-99,12
55.680947,500,-98,12
55.768324,499,-98,12
55.803115,498,-98,12
55.837411,497,-98,12
55.839405,498,-98,12
55.840524,498,-99,12
55.883473,499,-99,12
55.911215,498,-99,12
55.918463,499,-99,12
55.95457,500,-99,12
55.954959,501,-99,12
55.98191,500,-99,12
55.982711,499,-99,12
55.983218,499,-100,12
55.986578,499,-101,12
56.066442,500,-101,12
56.067845,501,-101,12
56.139177,501,-102,12
56.167059,501,-103,12
56.29986,500,-103,12
56.300122,499,-103,12
56.330636,500,-103,12
56.33152,500,-104,12
56.334211,500,-105,12
56.431559,499,-105,12
56.432541,499,-106,12
56.43553,499,-107,12
56.466953,499,-107,11
56.471419,498,-107,11
56.472924,499,-107,11
56.512275,500,-107,11
56.599397,499,-107,11
56.602178,499,-108,11
56.603649,498,-108,11
56.672614,497,-108,11
56.674754,498,-108,11
56.708801,499,-108,11
56.777209,498,-108,11
56.808624,499,-108,11
56.808809,500,-108,11
56.836465,499,-108,11
56.867663,498,-108,11
56.871902,499,-108,11
56.900431,498,-108,11
56.905351,499,-108,11
56.905519,500,-108,11
56.979442,500,-107,11
57.098839,499,-107,11
57.135527,499,-106,11
57.172621,500,-106,11
57.180267,500,-105,11
57.199511,499,-105,11
57.241811,500,-105,11
57.306543,499,-105,11
57.348075,498,-105,11
57.383621,499,-105,11
57.409367,498,-105,11
57.417453,497,-105,11
57.419729,496,-105,11
57.420729,497,-105,11
57.448873,496,-105,11
57.451134,495,-105,11
57.452234,494,-105,11
57.453777,495,-105,11
57.453933,496,-105,11
57.487047,497,-105,11
57.521832,498,-105,11
57.521917,499,-105,11
57.538476,499,-104,11
57.569746,500,-104,11
57.634767,499,-104,11
57.718249,500,-104,11
57.750173,499,-104,11
57.750754,499,-105,11
57.75597,499,-106,11
57.856709,500,-106,11
57.857618,501,-106,11
57.857815,502,-106,11
57.886669,501,-106,11
57.890008,500,-106,11
58.083453,499,-106,11
58.153315,500,-106,11
58.154959,501,-106,11
58.251431,500,-106,11
58.261056,500,-105,11
58.318282,500,-106,11
58.320101,499,-106,11
58.349174,498,-106,11
58.389638,499,-106,11
58.389774,500,-106,11
58.659335,499,-106,11
58.695264,498,-106,11
58.726071,497,-106,11
58.777102,498,-106,11
58.783948,498,-105,11
58.805293,497,-105,11
58.814227,498,-105,11
58.84869,497,-105,11
58.893388,498,-105,11
58.893854,498,-104,11
58.914065,497,-104,11
58.929991,498,-104,11
58.964357,499,-104,11
59.035398,500,-104,11
59.035504,501,-104,11
59.136431,500,-104,11
59.1781,499,-104,11
59.217111,498,-104,11
59.217451,499,-104,11
59.21833,500,-104,11
59.218428,501,-104,11
59.320572,500,-104,11
59.349632,499,-104,11
59.422872,498,-104,11
59.425723,499,-104,11
59.425858,500,-104,11
59.425965,501,-104,11
59.489931,500,-104,11
59.49361,499,-104,11
59.556922,499,-105,11
59.563936,500,-105,11
59.56662,501,-105,11
59.566721,502,-105,11
59.606675,502,-104,11
59.662477,501,-104,11
59.673985,501,-103,11
59.710154,501,-102,11
59.764407,500,-102,11
59.766,499,-102,11
59.804615,500,-102,11
59.805994,499,-102,11
59.837863,499,-103,11
59.838889,499,-104,11
59.84312,500,-104,11
59.9115,499,-104,11
59.988247,499,-105,11
59.988266,499,-106,11
59.991911,498,-106,11
59.99264,499,-106,11
60.026283,498,-106,11
60.027187,497,-106,11
60.031477,496,-106,11
60.066987,497,-106,11
60.101586,496,-106,11
60.13313,495,-106,11
60.204686,494,-106,11
60.212003,495,-106,11
60.212169,496,-106,11
60.212754,497,-106,11
60.2428,496,-106,11
60.246794,497,-106,11
60.393896,498,-106,11
60.394026,499,-106,11
60.3942,500,-106,11
60.40502,500,-105,11
60.460702,499,-105,11
60.503449,500,-105,11
60.537261,500,-106,11
60.544114,500,-105,11
60.56511,500,-106,11
60.598878,499,-106,11
60.634201,499,-107,11
60.634233,499,-108,11
60.639454,500,-108,11
60.867493,499,-108,11
60.906049,498,-108,11
60.907386,498,-109,11
60.94105,497,-109,11
60.943877,497,-110,11
60.946114,496,-110,11
60.946126,497,-110,11
60.973302,497,-111,11
60.98185,498,-111,11
60.981947,499,-111,11
60.98223,500,-111,11
61.009308,499,-111,11
61.077152,498,-111,11
61.081465,498,-112,11
61.084006,499,-112,11
61.110997,499,-113,11
61.146823,498,-113,11
61.182856,499,-113,11
61.183638,500,-113,11
61.243566,499,-113,11
61.28567,500,-113,11
61.285816,501,-113,11
61.436897,501,-114,11
61.443098,501,-115,11
61.44418,500,-115,11
61.447364,499,-115,11
61.454481,499,-114,11
61.482237,498,-114,11
61.519543,497,-114,11
61.521266,498,-114,11
61.592239,499,-114,11
61.592409,500,-114,11
61.682113,499,-114,11
61.686526,498,-114,11
61.754093,497,-114,11
61.761323,498,-114,11
61.790234,498,-115,11
61.790697,497,-115,11
61.79327,496,-115,11
61.793768,496,-116,11
61.795128,497,-116,11
61.796293,496,-116,11
61.79668,497,-116,11
61.827148,496,-116,11
61.827962,497,-116,11
61.828045,498,-116,11
61.892558,499,-116,11
61.926234,499,-116,10
61.930314,500,-116,10
61.930443,501,-116,10
61.930483,502,-116,10
61.930633,503,-116,10
61.995929,502,-116,10
62.092885,501,-116,10
62.124228,500,-116,10
62.190858,500,-117,10
62.192239,499,-117,10
62.225247,499,-118,10
62.230217,499,-119,10
62.266511,500,-119,10
62.425654,499,-119,10
62.466933,500,-119,10
62.467123,501,-119,10
62.467159,502,-119,10
62.473154,502,-119,11
62.49855,501,-119,11
62.525224,501,-120,11
62.526205,500,-120,11
62.527889,500,-121,11
62.714458,499,-121,11
62.781755,498,-121,11
62.786555,499,-121,11
62.819715,499,-122,11
62.82661,500,-122,11
62.827015,500,-123,11
62.827346,499,-123,11
62.863837,500,-123,11
62.864174,501,-123,11
62.870487,501,-122,11
62.921618,500,-122,11
63.050062,499,-122,11
63.050537,498,-122,11
63.112972,497,-122,11
63.119347,498,-122,11
63.152575,497,-122,11
63.153291,498,-122,11
63.153706,499,-122,11
63.153757,500,-122,11
63.242073,499,-122,11
63.280299,500,-122,11
63.34817,500,-121,11
63.374945,499,-121,11
63.415007,500,-121,11
63.415142,501,-121,11
63.472165,501,-122,11
63.495106,501,-123,11
63.501467,501,-124,11
63.50298,501,-125,11
63.600564,500,-125,11
63.659075,499,-125,11
63.729275,500,-125,11
63.729451,501,-125,11
63.729551,501,-126,11
63.75535,500,-126,11
63.824262,499,-126,11
63.852273,498,-126,11
63.860497,499,-126,11
63.861573,500,-126,11
63.86164,501,-126,11
64.008882,500,-126,11
64.04212,499,-126,11
64.081887,500,-126,11
64.08196,501,-126,11
64.081988,502,-126,11
64.138188,501,-126,11
64.164526,500,-126,11
64.290521,499,-126,11
64.329174,500,-126,11
64.335847,500,-125,11
64.391642,499,-125,11
64.428812,500,-125,11
64.520878,499,-125,11
64.525902,500,-125,11
64.551829,499,-125,11
64.55211,498,-125,11
64.608219,498,-126,11
64.614619,498,-127,11
64.640229,497,-127,11
64.646684,498,-127,11
64.66747,497,-127,11
64.679803,498,-127,11
64.682121,499,-127,11
64.687618,499,-127,12
64.713882,500,-127,12
64.770827,500,-127,11
64.802472,500,-128,11
64.803888,500,-129,11
64.80531,500,-128,11
64.831157,499,-128,11
64.864938,498,-128,11
64.90119,497,-128,11
64.902424,498,-128,11
64.939355,499,-128,11
64.971824,500,-128,11
64.973457,501,-128,11
64.973531,502,-128,11
64.97363,503,-128,11
64.974209,504,-128,11
65.063267,503,-128,11
65.154387,503,-129,11
65.260232,502,-129,11
65.330382,501,-129,11
65.333647,500,-129,11
65.339852,500,-128,11
65.485203,499,-128,11
65.493948,499,-127,11
65.518579,500,-127,11
65.519363,501,-127,11
65.576043,500,-127,11
65.577582,499,-127,11
65.578076,498,-127,11
65.611362,499,-127,11
65.650866,500,-127,11
65.711906,499,-127,11
65.730987,498,-127,11
65.742507,499,-127,11
65.742957,500,-127,11
65.774499,500,-128,11
65.837999,499,-128,11
65.848251,499,-127,11
65.87292,500,-127,11
65.873004,501,-127,11
65.873064,502,-127,11
65.899359,502,-128,11
65.900339,502,-129,11
65.954317,501,-129,11
66.082903,500,-129,11
66.23498,499,-129,11
66.267544,498,-129,11
66.270112,499,-129,11
66.299513,498,-129,11
66.301283,499,-129,11
66.337154,500,-129,11
66.337237,501,-129,11
66.364914,500,-129,11
66.431433,500,-130,11
66.431466,500,-131,11
66.458577,500,-132,11
66.463111,500,-133,11
66.493023,499,-133,11
66.54065,500,-133,11
66.593987,500,-134,11
66.598657,499,-134,11
66.602751,499,-135,11
66.631918,498,-135,11
66.654423,497,-135,11
66.663187,496,-135,11
66.664048,497,-135,11
66.664303,498,-135,11
66.694071,497,-135,11
66.697193,498,-135,11
66.697401,499,-135,11
66.697512,500,-135,11
66.6976,501,-135,11
66.751589,500,-135,11
66.935755,500,-134,11
67.046263,500,-135,11
67.046577,500,-136,11
67.158362,499,-136,11
67.163864,499,-135,11
67.226299,500,-135,11
67.226685,501,-135,11
67.226833,502,-135,11
67.257961,501,-135,11
67.293065,500,-135,11
67.445741,499,-135,11
67.475148,498,-135,11
67.544942,497,-135,11
67.547566,498,-135,11
67.547717,499,-135,11
67.547963,500,-135,11
67.569006,499,-135,11
67.580067,500,-135,11
67.580242,501,-135,11
67.580338,502,-135,11
67.821996,502,-136,11
67.82201,502,-137,11
67.848777,502,-138,11
67.849762,501,-138,11
67.850049,501,-139,11
67.851048,500,-139,11
67.992124,499,-139,11
67.9945,498,-139,11
68.024099,497,-139,11
68.053065,498,-139,11
68.055582,497,-139,11
68.056172,497,-140,11
68.077613,497,-141,11
68.08963,498,-141,11
68.09062,499,-141,11
68.090847,500,-141,11
68.117249,499,-141,11
68.175756,498,-141,11
68.244047,497,-141,11
68.248256,498,-141,11
68.274528,497,-141,11
68.311266,496,-141,11
68.31409,496,-142,11
68.314762,497,-142,11
68.314867,498,-142,11
68.340068,498,-143,11
68.37755,499,-143,11
68.410172,499,-144,11
68.41134,499,-145,11
68.414484,500,-145,11
68.414622,501,-145,11
68.41477,502,-145,11
68.522353,501,-145,11
68.522605,500,-145,11
68.69546,500,-144,11
68.774443,499,-144,11
68.805158,500,-144,11
68.857768,499,-144,11
68.8612,498,-144,11
68.889498,499,-144,11
68.889799,500,-144,11
68.999115,499,-144,11
69.030048,498,-144,11
69.030538,499,-144,11
69.096626,500,-144,11
69.260077,499,-144,11
69.286324,498,-144,11
69.289042,499,-144,11
69.289194,500,-144,11
69.3427,499,-144,11
69.401617,498,-144,11
69.528707,498,-145,11
69.530019,499,-145,11
69.530203,500,-145,11
69.53028,501,-145,11
69.55481,501,-146,11
69.556722,501,-147,11
69.685533,500,-147,11
69.690738,499,-147,11
69.725699,500,-147,11
69.725788,501,-147,11
69.725928,502,-147,11
69.726224,503,-147,11
69.726289,504,-147,11
69.726404,505,-147,11
69.837479,504,-147,11
69.8903,503,-147,11
69.94599,502,-147,11
70.084963,502,-146,11
70.135153,501,-146,11
70.167086,500,-146,11
70.328842,499,-146,11
70.335313,499,-146,12
70.359023,500,-146,12
70.35911,501,-146,12
70.467918,500,-146,12
70.491188,499,-146,12
70.491951,498,-146,12
70.551003,499,-146,12
70.581364,500,-146,12
70.581484,501,-146,12
70.69351,500,-146,12
70.748858,499,-146,12
70.782392,500,-146,12
70.782826,501,-146,12
70.783149,502,-146,12
70.783314,503,-146,12
70.839352,502,-146,12
70.951454,501,-146,12
71.027186,501,-147,12
71.033524,501,-148,12
71.060539,500,-148,12
71.231548,499,-148,12
71.259345,498,-148,12
71.264961,499,-148,12
71.265106,500,-148,12
71.297042,500,-147,12
71.37513,499,-147,12
71.405619,500,-147,12
71.515754,499,-147,12
71.537205,498,-147,12
71.546213,499,-147,12
71.546324,500,-147,12
71.742898,499,-147,12
71.772427,498,-147,12
71.773025,497,-147,12
71.77423,498,-147,12
71.839574,499,-147,12
71.83971,500,-147,12
71.839762,501,-147,12
71.872592,501,-146,12
72.023413,501,-145,12
72.047482,500,-145,12
72.051928,500,-144,12
72.085257,500,-143,12
72.105156,499,-143,12
72.164551,498,-143,12
72.166994,499,-143,12
72.167292,500,-143,12
72.221486,499,-143,12
72.286433,500,-143,12
72.342462,499,-143,12
72.374981,500,-143,12
72.607531,499,-143,12
72.637269,500,-143,12
72.637378,501,-143,12
72.637503,502,-143,12
72.724691,501,-143,12
72.751301,501,-144,12
73.001365,501,-145,12
73.003526,501,-146,12
73.010699,501,-145,12
73.089445,501,-146,12
73.140087,500,-146,12
73.14064,499,-146,12
73.17322,500,-146,12
73.173325,501,-146,12
73.173496,502,-146,12
73.200066,501,-146,12
73.260711,500,-146,12
73.317793,499,-146,12
73.352,500,-146,12
73.556257,499,-146,12
73.582936,500,-146,12
73.585625,501,-146,12
73.640992,501,-147,12
73.947658,500,-147,12
73.996353,500,-147,11
74.002818,499,-147,11
74.011288,499,-146,11
74.04331,500,-146,11
74.043668,501,-146,11
74.105878,500,-146,11
74.192591,500,-147,11
74.193323,500,-148,11
74.226174,500,-149,11
74.253508,500,-150,11
74.254249,499,-150,11
74.284934,500,-150,11
74.28524,501,-150,11
74.322439,501,-149,11
74.371022,500,-149,11
74.544734,500,-150,11
74.570328,500,-151,11
74.851525,499,-151,11
74.880052,498,-151,11
74.880979,499,-151,11
74.88122,500,-151,11
75.010519,499,-151,11
75.042881,500,-151,11
75.169802,499,-151,11
75.178839,500,-151,11
75.427723,500,-152,11
75.448985,500,-153,11
75.450102,499,-153,11
75.479815,500,-153,11
75.505631,499,-153,11
75.627794,500,-153,11
75.682706,499,-153,11
75.76867,500,-153,11
75.768801,501,-153,11
75.850151,500,-153,11
75.930837,499,-153,11
75.960462,498,-153,11
75.962318,499,-153,11
75.994102,500,-153,11
75.994202,501,-153,11
75.994341,502,-153,11
76.020152,501,-153,11
76.043876,500,-153,11
76.174996,499,-153,11
76.241128,498,-153,11
76.24208,499,-153,11
76.246167,500,-153,11
76.294284,499,-153,11
76.325964,498,-153,11
76.32734,499,-153,11
76.363019,500,-153,11
76.363111,501,-153,11
76.363178,502,-153,11
76.410469,502,-154,11
76.416654,502,-155,11
76.417748,502,-156,11
76.41805,502,-157,11
76.630401,502,-158,11
76.632047,502,-159,11
76.638887,502,-158,11
76.656991,501,-158,11
76.823629,500,-158,11
76.84968,499,-158,11
76.876956,500,-158,11
76.879394,501,-158,11
76.988283,500,-158,11
77.154429,500,-157,11
77.448224,499,-157,11
77.50719,498,-157,11
77.508406,499,-157,11
77.535079,500,-157,11
77.589956,499,-157,11
77.614367,498,-157,11
77.645564,499,-157,11
77.645852,500,-157,11
77.74308,500,-158,11
77.747486,500,-159,11
77.835798,500,-160,11
77.859981,500,-160,10
78.015239,499,-160,10
78.040209,500,-160,10
78.040273,501,-160,10
78.09122,501,-161,10
78.115804,500,-161,10
78.214787,499,-161,10
78.235148,498,-161,10
78.243396,497,-161,10
78.244464,498,-161,10
78.272813,499,-161,10
78.30159,500,-161,10
78.301719,501,-161,10
78.307549,501,-160,10
78.453928,501,-160,9
78.527775,500,-160,9
78.708968,499,-160,9
78.737209,500,-160,9
78.737298,501,-160,9
78.836208,500,-160,9
78.887751,500,-161,9
78.888023,500,-162,9
78.912251,500,-163,9
78.912899,499,-163,9
78.914368,499,-164,9
78.939626,500,-164,9
78.939707,501,-164,9
79.211038,500,-164,9
79.217303,500,-163,9
79.340245,500,-163,8
79.366125,499,-163,8
79.389305,500,-163,8
79.489555,499,-163,8
79.549963,500,-163,8
79.601212,500,-164,8
79.620421,499,-164,8
79.629344,499,-165,8
79.630999,500,-165,8
79.631082,501,-165,8
79.631265,502,-165,8
79.941826,501,-165,8
79.973303,500,-165,8
80.046217,499,-165,8
80.106923,500,-165,8
80.205811,500,-164,8
80.354285,499,-164,8
80.362646,500,-164,8
80.463835,499,-164,8
80.52461,500,-164,8
80.52513,501,-164,8
80.549747,500,-164,8
80.550513,499,-164,8
80.605775,500,-164,8
80.605886,501,-164,8
80.606117,502,-164,8
80.606179,503,-164,8
80.663565,502,-164,8
80.712269,501,-164,8
80.961564,501,-163,8
81.039579,500,-163,8
81.088206,499,-163,8
81.116446,500,-163,8
81.167949,499,-163,8
81.173047,499,-163,9
81.283787,500,-163,9
81.334237,499,-163,9
81.358599,499,-164,9
81.366014,500,-164,9
81.366682,500,-165,9
81.367441,501,-165,9
81.367633,502,-165,9
81.367782,503,-165,9
81.636372,502,-165,9
81.643245,502,-164,9
81.667339,501,-164,9
81.668079,500,-164,9
81.668823,499,-164,9
81.732172,500,-164,9
81.732367,501,-164,9
81.835388,501,-163,9
81.914064,500,-163,9
82.156058,500,-164,9
82.156559,500,-165,9
82.207791,499,-165,9
82.233556,498,-165,9
82.235608,499,-165,9
82.303172,500,-165,9
82.405636,500,-166,9
82.43015,500,-167,9
82.679584,499,-167,9
82.709052,498,-167,9
82.735186,499,-167,9
82.763649,500,-167,9
82.763903,501,-167,9
82.763994,502,-167,9
82.764039,503,-167,9
82.789015,502,-167,9
82.789537,502,-168,9
82.812509,501,-168,9
82.863004,500,-168,9
82.882972,499,-168,9
82.889205,498,-168,9
82.91644,499,-168,9
82.943103,500,-168,9
82.943184,501,-168,9
82.943376,502,-168,9
82.972978,502,-167,9
83.022592,501,-167,9
83.251636,500,-167,9
83.353593,499,-167,9
83.38194,498,-167,9
83.383217,499,-167,9
83.383349,500,-167,9
83.383525,501,-167,9
83.434466,501,-168,9
83.459855,501,-169,9
83.603647,500,-169,9
83.673646,499,-169,9
83.682769,500,-169,9
83.712419,500,-169,10
83.731531,499,-169,10
83.849205,500,-169,10
83.988591,499,-169,10
84.014939,498,-169,10
84.044531,499,-169,10
84.044696,500,-169,10
84.044777,501,-169,10
84.162818,501,-170,10
84.186908,501,-171,10
84.187403,500,-171,10
84.229996,499,-171,10
84.238759,500,-171,10
84.316167,499,-171,10
84.37037,500,-171,10
84.370566,501,-171,10
84.370989,502,-171,10
84.572677,501,-171,10
84.597536,500,-171,10
84.752772,500,-170,10
84.796009,499,-170,10
84.854442,498,-170,10
84.885743,499,-170,10
84.885892,500,-170,10
85.009519,499,-170,10
85.09896,500,-170,10
85.099048,501,-170,10
85.099422,502,-170,10
85.197676,501,-170,10
85.243807,500,-170,10
85.495693,499,-170,10
85.522429,500,-170,10
85.541915,500,-171,10
85.547637,500,-172,10
85.594375,500,-172,9
85.638209,500,-173,9
85.644051,500,-174,9
85.762814,499,-174,9
85.819633,498,-174,9
85.819876,499,-174,9
85.819998,500,-174,9
85.892595,499,-174,9
85.996794,500,-174,9
86.091024,499,-174,9
86.115531,500,-174,9
86.140245,499,-174,9
86.192281,500,-174,9
86.192358,501,-174,9
86.242001,501,-173,9
86.371575,500,-173,9
86.46515,499,-173,9
86.524131,500,-173,9
86.572311,499,-173,9
86.656952,500,-173,9
86.680255,499,-173,9
86.710061,500,-173,9
86.710588,501,-173,9
86.78922,500,-173,9
87.075364,499,-173,9
87.077193,500,-173,9
87.105599,499,-173,9
87.137652,500,-173,9
87.300096,499,-173,9
87.327253,500,-173,9
87.32747,501,-173,9
87.479897,500,-173,9
87.675579,499,-173,9
87.676752,498,-173,9
87.704336,499,-173,9
87.704585,500,-173,9
87.895457,499,-173,9
87.921748,500,-173,9
87.989646,499,-173,9
88.017562,500,-173,9
88.017878,501,-173,9
88.018357,502,-173,9
88.066997,502,-174,9
88.067018,502,-175,9
88.232202,501,-175,9
88.282374,500,-175,9
88.474771,499,-175,9
88.500413,500,-175,9
88.50059,501,-175,9
88.500666,502,-175,9
88.545549,501,-175,9
88.546135,501,-175,10
88.571018,501,-175,9
88.662685,501,-175,10
88.709402,501,-175,9
88.800224,500,-175,9
88.850496,499,-175,9
88.876595,500,-175,9
89.06693,499,-175,9
89.067692,498,-175,9
89.120328,499,-175,9
89.148479,500,-175,9
89.148956,501,-175,9
89.317812,500,-175,9
89.319342,500,-174,9
89.444661,499,-174,9
89.499659,498,-174,9
89.503017,499,-174,9
89.526563,500,-174,9
89.552322,499,-174,9
89.612417,500,-174,9
89.739269,499,-174,9
89.766228,499,-175,9
89.795899,499,-176,9
89.820306,500,-176,9
89.863559,500,-177,9
89.868902,500,-178,9
90.124505,499,-178,9
90.145561,498,-178,9
90.150404,499,-178,9
90.173772,500,-178,9
90.223588,500,-177,9
90.272155,499,-177,9
90.30662,500,-177,9
90.306768,501,-177,9
90.306882,502,-177,9
90.306934,503,-177,9
90.417283,503,-178,9
90.422833,503,-179,9
90.75876,502,-179,9
91.172868,501,-179,9
91.2984,500,-179,9
91.412204,500,-178,9
91.595983,500,-179,9
91.615741,500,-180,9
91.848307,500,-179,9
91.963513,500,-180,9
91.988343,500,-181,9
92.12474,500,-182,9
92.13052,500,-183,9
92.308119,499,-183,9
92.388427,500,-183,9
92.38855,501,-183,9
92.38869,502,-183,9
92.388922,503,-183,9
92.653675,503,-184,9
92.658463,503,-185,9
93.188629,502,-185,9
93.759688,501,-185,9
94.177924,500,-185,9
94.198178,499,-185,9
94.224217,500,-185,9
94.664353,499,-185,9
94.689329,500,-185,9
94.68944,501,-185,9
95.090579,500,-185,9
95.14011,499,-185,9
95.166115,500,-185,9
95.279466,500,-184,9
95.797084,499,-184,9
95.807422,500,-184,9
95.807601,501,-184,9
95.949641,501,-183,9
96.083164,501,-184,9
96.200838,501,-185,9
96.205891,501,-186,9
96.270884,501,-186,8
96.377193,500,-186,8
96.729965,500,-187,8
96.918051,499,-187,8
96.927584,500,-187,8
97.416805,500,-188,8
97.436766,500,-189,8
97.585476,500,-189,9
97.665089,500,-189,8
100.085518,500,-189,7
100.690767,500,-189,6
101.526376,500,-189,5
104.209404,500,-189,4
